"","sample.id","EV1","EV2","EV3","EV4"
"1","/home/ahmccorm/kantar_lts/anna/bwa_alignments/Kannapedia_Bulk/Nuclear_cs10/sam_to_bam/sorted_bam/1988_Hash_Plant_RSP10156_Drug_THC_sorted.bam",-0.0083537278859533,0.00563573417841041,0.121666644183739,0.11022603259999
"2","/home/ahmccorm/kantar_lts/anna/bwa_alignments/Kannapedia_Bulk/Nuclear_cs10/sam_to_bam/sorted_bam/24_Gold_A3_RSP10287_Drug_THC_sorted.bam",-0.0587378112175949,-0.0251998215513383,-0.0408727705837925,-0.0543300866828939
"3","/home/ahmccorm/kantar_lts/anna/bwa_alignments/Kannapedia_Bulk/Nuclear_cs10/sam_to_bam/sorted_bam/818_RSP10411_Unknown_sorted.bam",-0.182524272256938,0.0262260889522808,-0.0745794284813407,-0.078505970766734
"4","/home/ahmccorm/kantar_lts/anna/bwa_alignments/Kannapedia_Bulk/Nuclear_cs10/sam_to_bam/sorted_bam/AC_DC_RSP10084_Drug_CBD_sorted.bam",0.0478280247253652,-0.0245663036141905,0.077915790230448,-0.134846579780427
"5","/home/ahmccorm/kantar_lts/anna/bwa_alignments/Kannapedia_Bulk/Nuclear_cs10/sam_to_bam/sorted_bam/Acrata_Trainwreck_RSP10301_Drug_THC_sorted.bam",0.0163019754979805,0.0165277618427392,0.104900025361442,-0.0334496478675544
"6","/home/ahmccorm/kantar_lts/anna/bwa_alignments/Kannapedia_Bulk/Nuclear_cs10/sam_to_bam/sorted_bam/Afghan_Kush_RSP10107_Drug_THC_sorted.bam",-0.0124491786006224,-0.00268835144597364,0.0678489648378742,0.0416667449496575
"7","/home/ahmccorm/kantar_lts/anna/bwa_alignments/Kannapedia_Bulk/Nuclear_cs10/sam_to_bam/sorted_bam/African_Haze_RSP10159_Drug_THC_sorted.bam",0.0516305352899257,-0.0742704624954628,-0.033536631411397,0.0101406843959042
"8","/home/ahmccorm/kantar_lts/anna/bwa_alignments/Kannapedia_Bulk/Nuclear_cs10/sam_to_bam/sorted_bam/Agent_Orange_1_RSP10559_ACACAA_Drug_THC_sorted.bam",0.0236721372759584,-0.0480713413560322,0.0507595568033595,0.0170258504234021
"9","/home/ahmccorm/kantar_lts/anna/bwa_alignments/Kannapedia_Bulk/Nuclear_cs10/sam_to_bam/sorted_bam/Agent_Orange_2_RSP10605_Drug_THC_sorted.bam",0.0205435887702864,-0.00515349305333378,0.0299291254309642,0.053445567744423
"10","/home/ahmccorm/kantar_lts/anna/bwa_alignments/Kannapedia_Bulk/Nuclear_cs10/sam_to_bam/sorted_bam/AK47_1_RSP10120_Drug_THC_sorted.bam",0.0240342599729689,-0.0225798646511121,0.0749945758864241,-0.0336374562530014
"11","/home/ahmccorm/kantar_lts/anna/bwa_alignments/Kannapedia_Bulk/Nuclear_cs10/sam_to_bam/sorted_bam/AK47_2_RSP10523_Drug_THC_sorted.bam",0.012058522321824,-0.0536271236198536,0.0249656351409307,0.00338906071096905
"12","/home/ahmccorm/kantar_lts/anna/bwa_alignments/Kannapedia_Bulk/Nuclear_cs10/sam_to_bam/sorted_bam/Amnesia_Haze_RSP10299_Drug_THC_sorted.bam",0.0196219220845196,-0.095573235898299,-0.0820503821220086,-0.00795264338566253
"13","/home/ahmccorm/kantar_lts/anna/bwa_alignments/Kannapedia_Bulk/Nuclear_cs10/sam_to_bam/sorted_bam/Arch_Angel_RSP10132_Unknown_sorted.bam",0.00385263627366141,-0.0494607717633965,-0.00263180535237976,0.0267718039664224
"14","/home/ahmccorm/kantar_lts/anna/bwa_alignments/Kannapedia_Bulk/Nuclear_cs10/sam_to_bam/sorted_bam/Banana_Kush_1_RSP10162_Drug_THC_sorted.bam",0.0364763677984902,-0.0199358313533037,0.0368025729899356,0.0356893259334621
"15","/home/ahmccorm/kantar_lts/anna/bwa_alignments/Kannapedia_Bulk/Nuclear_cs10/sam_to_bam/sorted_bam/Banana_Split_RSP10350_Drug_THC_sorted.bam",0.0191021117879841,0.0185898634181403,0.00361636623797244,-0.0020632974654448
"16","/home/ahmccorm/kantar_lts/anna/bwa_alignments/Kannapedia_Bulk/Nuclear_cs10/sam_to_bam/sorted_bam/BGKC_4_1_RSP10426_Drug_CBD_sorted.bam",0.0205896666778153,-0.051729197024275,0.0689128857558721,-0.081881179522231
"17","/home/ahmccorm/kantar_lts/anna/bwa_alignments/Kannapedia_Bulk/Nuclear_cs10/sam_to_bam/sorted_bam/BGKC_45_RSP10427_Unknown_sorted.bam",0.0213711889598537,-0.0520870791029872,0.0674227474002582,-0.081297937056656
"18","/home/ahmccorm/kantar_lts/anna/bwa_alignments/Kannapedia_Bulk/Nuclear_cs10/sam_to_bam/sorted_bam/BHUTAN_RSP10079_Unknown_sorted.bam",0.0472678212851463,-0.022820899626606,0.076961072774766,-0.138032787019198
"19","/home/ahmccorm/kantar_lts/anna/bwa_alignments/Kannapedia_Bulk/Nuclear_cs10/sam_to_bam/sorted_bam/Bio_Diesel_RSP10590_Drug_THC_sorted.bam",-0.00789806922761688,0.00526303773069425,-0.0333424342734692,0.033994650787983
"20","/home/ahmccorm/kantar_lts/anna/bwa_alignments/Kannapedia_Bulk/Nuclear_cs10/sam_to_bam/sorted_bam/Black_84_RSP10385_Drug_THC_sorted.bam",0.037858610685333,-0.016710116032116,0.0350962839586178,0.0280008783220915
"21","/home/ahmccorm/kantar_lts/anna/bwa_alignments/Kannapedia_Bulk/Nuclear_cs10/sam_to_bam/sorted_bam/Black_Beauty_1_RSP10697_Drug_THC_sorted.bam",0.0229733029728005,-0.020216877751032,0.0543270172773158,0.0457310593512647
"22","/home/ahmccorm/kantar_lts/anna/bwa_alignments/Kannapedia_Bulk/Nuclear_cs10/sam_to_bam/sorted_bam/Blazin_Grapefruit_RSP10003_Drug_THC_sorted.bam",0.0640461496502435,-0.0180333641587149,-0.0214367453888555,0.0561716195517165
"23","/home/ahmccorm/kantar_lts/anna/bwa_alignments/Kannapedia_Bulk/Nuclear_cs10/sam_to_bam/sorted_bam/Blueberry_Cheesecake_13_RSP10682_Drug_THC_sorted.bam",-0.0109397725247028,0.00411016622773606,0.0416229648692371,0.0765024903908164
"24","/home/ahmccorm/kantar_lts/anna/bwa_alignments/Kannapedia_Bulk/Nuclear_cs10/sam_to_bam/sorted_bam/Blueberry_Cheesecake_1_RSP10201_Drug_THC_sorted.bam",-0.00296379450140717,0.0326606517129347,0.0822976166744883,0.0681842533210647
"25","/home/ahmccorm/kantar_lts/anna/bwa_alignments/Kannapedia_Bulk/Nuclear_cs10/sam_to_bam/sorted_bam/Blueberry_Cheesecake_2_RSP10202_Drug_THC_sorted.bam",0.0238444882997859,-0.0248216823378751,0.0191744148035489,0.0745553191181844
"26","/home/ahmccorm/kantar_lts/anna/bwa_alignments/Kannapedia_Bulk/Nuclear_cs10/sam_to_bam/sorted_bam/Blueberry_Cheesecake_3_RSP10204_Drug_THC_sorted.bam",0.0122904643176269,-0.0568236464766536,0.0366781224390198,-0.0119361437019256
"27","/home/ahmccorm/kantar_lts/anna/bwa_alignments/Kannapedia_Bulk/Nuclear_cs10/sam_to_bam/sorted_bam/Blueberry_Cheesecake_4_RSP10205_Drug_THC_sorted.bam",0.00782322281687783,-0.0494463196552437,0.0583974442772873,-0.0259167019995872
"28","/home/ahmccorm/kantar_lts/anna/bwa_alignments/Kannapedia_Bulk/Nuclear_cs10/sam_to_bam/sorted_bam/Blueberry_Cheesecake_5_RSP10481_Drug_THC_sorted.bam",-0.0173199766016633,0.0262463597058083,0.00325853440439543,0.0604360904218885
"29","/home/ahmccorm/kantar_lts/anna/bwa_alignments/Kannapedia_Bulk/Nuclear_cs10/sam_to_bam/sorted_bam/Blueberry_Cheesecake_6_RSP10563_Drug_THC_sorted.bam",-0.0152586949468879,0.0311332804191342,0.0044049290413669,0.0635603829786972
"30","/home/ahmccorm/kantar_lts/anna/bwa_alignments/Kannapedia_Bulk/Nuclear_cs10/sam_to_bam/sorted_bam/Blueberry_Cheesecake_7_RSP10564_Drug_THC_sorted.bam",0.0195017139138518,-0.0435374723455231,0.0444117668492803,0.0376417840216458
"31","/home/ahmccorm/kantar_lts/anna/bwa_alignments/Kannapedia_Bulk/Nuclear_cs10/sam_to_bam/sorted_bam/Blueberry_Cheesecake_8_RSP10573_Drug_THC_sorted.bam",0.0159801647167439,-0.0102673291355125,0.072815574934968,0.0349338929865306
"32","/home/ahmccorm/kantar_lts/anna/bwa_alignments/Kannapedia_Bulk/Nuclear_cs10/sam_to_bam/sorted_bam/Blueberry_RSP10597_Drug_THC_sorted.bam",-0.0828340819115451,0.0210886797971176,0.057989138997045,0.0587514860441876
"33","/home/ahmccorm/kantar_lts/anna/bwa_alignments/Kannapedia_Bulk/Nuclear_cs10/sam_to_bam/sorted_bam/Blue_Dream_10_RSP10612_Drug_THC_sorted.bam",0.0965131888801933,0.203106829136686,-0.0406192871375463,-0.0116837367488336
"34","/home/ahmccorm/kantar_lts/anna/bwa_alignments/Kannapedia_Bulk/Nuclear_cs10/sam_to_bam/sorted_bam/Blue_Dream_11_RSP10613_Drug_THC_sorted.bam",0.100037325683158,0.206014977411461,-0.0421024049274731,-0.0137680197382449
"35","/home/ahmccorm/kantar_lts/anna/bwa_alignments/Kannapedia_Bulk/Nuclear_cs10/sam_to_bam/sorted_bam/Blue_Dream_12_RSP10614_Drug_THC_sorted.bam",0.0990969669825504,0.202846299463996,-0.0384663412077895,-0.0124087483416179
"36","/home/ahmccorm/kantar_lts/anna/bwa_alignments/Kannapedia_Bulk/Nuclear_cs10/sam_to_bam/sorted_bam/Blue_Dream_13_RSP10622_Drug_THC_sorted.bam",0.0409668872036395,-0.0634712912501246,-0.0353461095788979,0.0150567158441148
"37","/home/ahmccorm/kantar_lts/anna/bwa_alignments/Kannapedia_Bulk/Nuclear_cs10/sam_to_bam/sorted_bam/Blue_Dream_14_RSP10695_Drug_THC_sorted.bam",0.104500291673147,0.214404543864371,-0.0446739466426768,-0.0174066221575307
"38","/home/ahmccorm/kantar_lts/anna/bwa_alignments/Kannapedia_Bulk/Nuclear_cs10/sam_to_bam/sorted_bam/Blue_Dream_1_RSP10005_Drug_THC_sorted.bam",0.0286129396499723,0.110590495496833,-0.000315985331795242,-0.0384711019224641
"39","/home/ahmccorm/kantar_lts/anna/bwa_alignments/Kannapedia_Bulk/Nuclear_cs10/sam_to_bam/sorted_bam/Blue_Dream_2_RSP10129_Drug_THC_sorted.bam",0.110086038439565,0.223364562887344,-0.0501538077283274,-0.00872454419823403
"40","/home/ahmccorm/kantar_lts/anna/bwa_alignments/Kannapedia_Bulk/Nuclear_cs10/sam_to_bam/sorted_bam/Blue_Dream_3_RSP10195_Drug_THC_sorted.bam",0.0136644285921538,-0.0448347645093929,-0.0315453249279379,-0.032071133911807
"41","/home/ahmccorm/kantar_lts/anna/bwa_alignments/Kannapedia_Bulk/Nuclear_cs10/sam_to_bam/sorted_bam/Blue_Dream_4_RSP10269_Drug_THC_sorted.bam",0.107325219649805,0.21883783348126,-0.0403034305169048,-0.0118381742026677
"42","/home/ahmccorm/kantar_lts/anna/bwa_alignments/Kannapedia_Bulk/Nuclear_cs10/sam_to_bam/sorted_bam/Blue_Dream_5_RSP10577_Drug_THC_sorted.bam",0.103252422434302,0.211643119146822,-0.0384295633835585,-0.017975595460043
"43","/home/ahmccorm/kantar_lts/anna/bwa_alignments/Kannapedia_Bulk/Nuclear_cs10/sam_to_bam/sorted_bam/Blue_Dream_6_RSP10578_Drug_THC_sorted.bam",0.0878854046471987,0.181691573092662,-0.0405489100750952,-0.0166603134201992
"44","/home/ahmccorm/kantar_lts/anna/bwa_alignments/Kannapedia_Bulk/Nuclear_cs10/sam_to_bam/sorted_bam/Blue_Dream_7_RSP10579_Drug_THC_sorted.bam",0.0833856264954378,0.184968770815155,-0.0391123685094189,-0.0164095808294583
"45","/home/ahmccorm/kantar_lts/anna/bwa_alignments/Kannapedia_Bulk/Nuclear_cs10/sam_to_bam/sorted_bam/Blue_Dream_8_RSP10580_Drug_THC_sorted.bam",0.0443934053232531,0.0225807197273219,0.0217326555096892,0.0145622763227325
"46","/home/ahmccorm/kantar_lts/anna/bwa_alignments/Kannapedia_Bulk/Nuclear_cs10/sam_to_bam/sorted_bam/Blue_Dream_9_RSP10581_Drug_THC_sorted.bam",0.0812202753662091,0.183553195576575,-0.0362427254576841,-0.0104321517131623
"47","/home/ahmccorm/kantar_lts/anna/bwa_alignments/Kannapedia_Bulk/Nuclear_cs10/sam_to_bam/sorted_bam/Blue_Dream_Trim_RSP10621_Drug_THC_sorted.bam",0.101009057977159,0.201003991352616,-0.0440478513459904,-0.0140701409682441
"48","/home/ahmccorm/kantar_lts/anna/bwa_alignments/Kannapedia_Bulk/Nuclear_cs10/sam_to_bam/sorted_bam/Blue_Essence_RSP10386_Drug_THC_CBD_sorted.bam",-0.0296471204779691,0.00627754050168935,0.0635664923220274,-0.0161578558935201
"49","/home/ahmccorm/kantar_lts/anna/bwa_alignments/Kannapedia_Bulk/Nuclear_cs10/sam_to_bam/sorted_bam/Boss_Hog_RSP10601_Drug_THC_sorted.bam",-0.00636094279956555,-0.000576259188213387,0.0553768046256631,0.151527372961804
"50","/home/ahmccorm/kantar_lts/anna/bwa_alignments/Kannapedia_Bulk/Nuclear_cs10/sam_to_bam/sorted_bam/Brain_Wreck_RSP10421_Drug_THC_sorted.bam",-0.00490508560537324,0.00397036380752345,0.0901625723380737,0.0754916182262119
"51","/home/ahmccorm/kantar_lts/anna/bwa_alignments/Kannapedia_Bulk/Nuclear_cs10/sam_to_bam/sorted_bam/Breakthrough_RSP10096_Drug_THC_sorted.bam",0.00900863867949219,-0.0655616750884096,-0.0339721361313794,0.0187478276905261
"52","/home/ahmccorm/kantar_lts/anna/bwa_alignments/Kannapedia_Bulk/Nuclear_cs10/sam_to_bam/sorted_bam/Bubba_Kush_RSP10164_Drug_THC_sorted.bam",-0.0960505754596616,0.0249337354084103,0.103124224860329,0.0748677839766986
"53","/home/ahmccorm/kantar_lts/anna/bwa_alignments/Kannapedia_Bulk/Nuclear_cs10/sam_to_bam/sorted_bam/Bubblegummer_RSP10088_Drug_THC_sorted.bam",0.0546448971488143,-0.0483096652912451,-0.107561995020938,0.0554973675964661
"54","/home/ahmccorm/kantar_lts/anna/bwa_alignments/Kannapedia_Bulk/Nuclear_cs10/sam_to_bam/sorted_bam/Buddhas_Sister_RSP10265_Drug_THC_sorted.bam",0.0815484657480465,0.0521555852734082,-0.0608975258222986,-0.0216430542995986
"55","/home/ahmccorm/kantar_lts/anna/bwa_alignments/Kannapedia_Bulk/Nuclear_cs10/sam_to_bam/sorted_bam/Butter_OG_RSP10181_Drug_THC_sorted.bam",-0.111188666698355,0.0436126475551464,-0.0814569433945769,-0.0698639030320244
"56","/home/ahmccorm/kantar_lts/anna/bwa_alignments/Kannapedia_Bulk/Nuclear_cs10/sam_to_bam/sorted_bam/C4_1_RSP10382_Unknown_sorted.bam",0.0136396639295743,-0.0089238987378771,-0.07348362641258,-0.0519144779654179
"57","/home/ahmccorm/kantar_lts/anna/bwa_alignments/Kannapedia_Bulk/Nuclear_cs10/sam_to_bam/sorted_bam/C4_2_RSP10971_Drug_THC_sorted.bam",0.00903377538506057,-0.00247343150103198,-0.114008881600198,0.00797244861736018
"58","/home/ahmccorm/kantar_lts/anna/bwa_alignments/Kannapedia_Bulk/Nuclear_cs10/sam_to_bam/sorted_bam/C4_X_Blue_Dream_X_Hardy_RSP10405_Drug_THC_sorted.bam",-0.0281993696205669,-0.0126635916700482,-0.0683276670034206,-0.0273400947317605
"59","/home/ahmccorm/kantar_lts/anna/bwa_alignments/Kannapedia_Bulk/Nuclear_cs10/sam_to_bam/sorted_bam/C4_x_Canna_Tsu_RSP10383_Unknown_sorted.bam",-0.0173109721444838,-0.0186352682163,0.00506870926870144,-0.0817924411742843
"60","/home/ahmccorm/kantar_lts/anna/bwa_alignments/Kannapedia_Bulk/Nuclear_cs10/sam_to_bam/sorted_bam/Candyland_RSP10428_Drug_THC_sorted.bam",0.00026520722540731,-0.0387820100074817,-0.0916896702473175,-0.00994426517684198
"61","/home/ahmccorm/kantar_lts/anna/bwa_alignments/Kannapedia_Bulk/Nuclear_cs10/sam_to_bam/sorted_bam/CANNATONIC_1_RSP10082_Drug_CBD_sorted.bam",0.0339845324045089,-0.0467580039526285,0.0419102048801307,-0.0420559990061772
"62","/home/ahmccorm/kantar_lts/anna/bwa_alignments/Kannapedia_Bulk/Nuclear_cs10/sam_to_bam/sorted_bam/Cannatsu_RSP10158_Drug_CBD_sorted.bam",0.0336903660063078,-0.0510639249001008,-0.0163180143287202,0.0332566994151126
"63","/home/ahmccorm/kantar_lts/anna/bwa_alignments/Kannapedia_Bulk/Nuclear_cs10/sam_to_bam/sorted_bam/Canna_tsu_RSP10391_Drug_THC_CBD_sorted.bam",0.0103007881413528,-0.00628970988038385,0.0434479265402624,-0.0197419326399805
"64","/home/ahmccorm/kantar_lts/anna/bwa_alignments/Kannapedia_Bulk/Nuclear_cs10/sam_to_bam/sorted_bam/Carmagnola_2_RSP10237_Hemp_sorted.bam",0.00740473291300385,-0.0109699669342806,0.111005475937291,-0.0664195382056595
"65","/home/ahmccorm/kantar_lts/anna/bwa_alignments/Kannapedia_Bulk/Nuclear_cs10/sam_to_bam/sorted_bam/Casey_Jones_RSP10606_Drug_THC_sorted.bam",0.0793934847060478,-0.0772997714937443,-0.121834494995609,0.012445117890531
"66","/home/ahmccorm/kantar_lts/anna/bwa_alignments/Kannapedia_Bulk/Nuclear_cs10/sam_to_bam/sorted_bam/CATATONIC_AC_DC_RSP10072_Drug_CBD_sorted.bam",0.0442608626715804,-0.0257511662670201,0.0787526183051768,-0.131653635461499
"67","/home/ahmccorm/kantar_lts/anna/bwa_alignments/Kannapedia_Bulk/Nuclear_cs10/sam_to_bam/sorted_bam/CBDI_AC_DC_RSP10103_Drug_CBD_sorted.bam",0.0474192291358875,-0.0278699692150871,0.0796693876401941,-0.137985218639429
"68","/home/ahmccorm/kantar_lts/anna/bwa_alignments/Kannapedia_Bulk/Nuclear_cs10/sam_to_bam/sorted_bam/CBD_Mango_Haze_RSP10090_Drug_CBD_sorted.bam",0.0550271214465472,-0.0358642925762235,0.0510985558015275,-0.0596304847291867
"69","/home/ahmccorm/kantar_lts/anna/bwa_alignments/Kannapedia_Bulk/Nuclear_cs10/sam_to_bam/sorted_bam/CBD_Strain_RSP10358_Drug_CBD_sorted.bam",0.0242527713193765,-0.0125923820907128,0.0546032090799807,-0.0509559741947082
"70","/home/ahmccorm/kantar_lts/anna/bwa_alignments/Kannapedia_Bulk/Nuclear_cs10/sam_to_bam/sorted_bam/Charlie_Murphy_RSP10134_Unknown_sorted.bam",0.0273992660360894,0.0203266443355909,0.0998220363314651,0.116143607314753
"71","/home/ahmccorm/kantar_lts/anna/bwa_alignments/Kannapedia_Bulk/Nuclear_cs10/sam_to_bam/sorted_bam/Cheddar_Head_RSP10013_Drug_THC_sorted.bam",-0.0480253437543604,-0.00552617584694209,0.0900931391466671,0.0320570778651824
"72","/home/ahmccorm/kantar_lts/anna/bwa_alignments/Kannapedia_Bulk/Nuclear_cs10/sam_to_bam/sorted_bam/Cheese_1_RSP10459_Drug_THC_sorted.bam",0.0528165400122947,-0.0318314648072415,-0.0404203568214636,0.0238730397771276
"73","/home/ahmccorm/kantar_lts/anna/bwa_alignments/Kannapedia_Bulk/Nuclear_cs10/sam_to_bam/sorted_bam/Chem_4_RSP10245_Unknown_sorted.bam",-0.0426415124874703,-0.0181805353268452,-0.104158620800565,0.00558947572301302
"74","/home/ahmccorm/kantar_lts/anna/bwa_alignments/Kannapedia_Bulk/Nuclear_cs10/sam_to_bam/sorted_bam/Chem_91_RSP10545_Drug_THC_sorted.bam",-0.0582785859360177,0.0158149904036779,-0.093070575357225,-0.00327475105609164
"75","/home/ahmccorm/kantar_lts/anna/bwa_alignments/Kannapedia_Bulk/Nuclear_cs10/sam_to_bam/sorted_bam/Chem_Dawg_RSP10192_Drug_THC_sorted.bam",0.02673122147366,-0.0405202589207797,-0.013591851627357,-0.00952636875194142
"76","/home/ahmccorm/kantar_lts/anna/bwa_alignments/Kannapedia_Bulk/Nuclear_cs10/sam_to_bam/sorted_bam/ChemDog_RSP10387_Drug_THC_sorted.bam",0.00709672151162769,-0.0272986071805606,-0.0605735237384204,-0.0225378434858898
"77","/home/ahmccorm/kantar_lts/anna/bwa_alignments/Kannapedia_Bulk/Nuclear_cs10/sam_to_bam/sorted_bam/Chemmy_Jones_RSP10131_Drug_THC_sorted.bam",-0.13278194975457,0.0293591397017051,-0.0462076326162831,-0.0460731055566604
"78","/home/ahmccorm/kantar_lts/anna/bwa_alignments/Kannapedia_Bulk/Nuclear_cs10/sam_to_bam/sorted_bam/Chemodo_Dragon_RSP10524_Drug_THC_sorted.bam",-0.0780207208042575,0.0655787304922198,-0.0911559604137567,-0.0699333595332013
"79","/home/ahmccorm/kantar_lts/anna/bwa_alignments/Kannapedia_Bulk/Nuclear_cs10/sam_to_bam/sorted_bam/Chernobyl_RSP10177_Drug_THC_sorted.bam",-0.00927746766194734,-0.00959640552403017,0.0119332002565046,0.0147848958707011
"80","/home/ahmccorm/kantar_lts/anna/bwa_alignments/Kannapedia_Bulk/Nuclear_cs10/sam_to_bam/sorted_bam/Cherry_1_RSP10445_Unknown_sorted.bam",0.0445693974624052,-0.029159184996383,0.0368310138805442,-0.0918133890525761
"81","/home/ahmccorm/kantar_lts/anna/bwa_alignments/Kannapedia_Bulk/Nuclear_cs10/sam_to_bam/sorted_bam/Cherry_Diesel_RSP10609_Drug_THC_sorted.bam",0.0321057305315978,0.0534492934611563,-0.0761202746052489,-0.0104594634556173
"82","/home/ahmccorm/kantar_lts/anna/bwa_alignments/Kannapedia_Bulk/Nuclear_cs10/sam_to_bam/sorted_bam/Cherry_Durban_Poison_RSP10196_Drug_THC_sorted.bam",0.092274335732575,0.18505407191447,-0.0397605544187191,-0.01330131451961
"83","/home/ahmccorm/kantar_lts/anna/bwa_alignments/Kannapedia_Bulk/Nuclear_cs10/sam_to_bam/sorted_bam/Cherry_Limeade_RSP10170_Drug_THC_sorted.bam",-0.0485267125975841,-0.0214072354328607,-0.0185229839035303,0.0751830860701929
"84","/home/ahmccorm/kantar_lts/anna/bwa_alignments/Kannapedia_Bulk/Nuclear_cs10/sam_to_bam/sorted_bam/Chiesel_RSP10183_Drug_THC_sorted.bam",-0.0370974361034612,-0.00518169083494209,-0.115796874872132,0.0166590583296104
"85","/home/ahmccorm/kantar_lts/anna/bwa_alignments/Kannapedia_Bulk/Nuclear_cs10/sam_to_bam/sorted_bam/Chocolope_RSP10016_Drug_THC_sorted.bam",0.0314930479692986,-0.0287199113532416,-0.0175933616718986,0.00890002483490463
"86","/home/ahmccorm/kantar_lts/anna/bwa_alignments/Kannapedia_Bulk/Nuclear_cs10/sam_to_bam/sorted_bam/Chocoloupe_x_Super_Silver_Haze_RSP10225_Drug_THC_sorted.bam",0.0445783388949994,-0.0294948818660711,-0.0681024794081369,0.0507841922790223
"87","/home/ahmccorm/kantar_lts/anna/bwa_alignments/Kannapedia_Bulk/Nuclear_cs10/sam_to_bam/sorted_bam/Cinex_RSP10388_Drug_THC_sorted.bam",0.00518278838786026,-0.0551858125478248,0.0307142528924617,0.00787809182187153
"88","/home/ahmccorm/kantar_lts/anna/bwa_alignments/Kannapedia_Bulk/Nuclear_cs10/sam_to_bam/sorted_bam/Citrisoul_RSP10151_Unknown_sorted.bam",0.0244487484492106,-0.0974573294277227,0.0010075330656245,0.0139291083356451
"89","/home/ahmccorm/kantar_lts/anna/bwa_alignments/Kannapedia_Bulk/Nuclear_cs10/sam_to_bam/sorted_bam/Citrus_Sap_RSP10292_Drug_THC_sorted.bam",-0.00438329171383803,-0.00533299517027168,0.0741163662505849,0.0848900333513942
"90","/home/ahmccorm/kantar_lts/anna/bwa_alignments/Kannapedia_Bulk/Nuclear_cs10/sam_to_bam/sorted_bam/Clementine_1_RSP10543_Drug_THC_sorted.bam",0.0598670067940232,-0.0746519816856478,-0.0657711313045835,-0.00787158362061183
"91","/home/ahmccorm/kantar_lts/anna/bwa_alignments/Kannapedia_Bulk/Nuclear_cs10/sam_to_bam/sorted_bam/Clifford_RSP10337_Drug_THC_sorted.bam",-0.0392828331234119,-0.0103937444553881,0.0640224723835806,0.0499378115449211
"92","/home/ahmccorm/kantar_lts/anna/bwa_alignments/Kannapedia_Bulk/Nuclear_cs10/sam_to_bam/sorted_bam/Congo_RSP10432_Unknown_sorted.bam",0.03559818390028,-0.0126846257021236,0.0516509260383208,-0.073644472044045
"93","/home/ahmccorm/kantar_lts/anna/bwa_alignments/Kannapedia_Bulk/Nuclear_cs10/sam_to_bam/sorted_bam/Corleone_Kush_RSP10135_Drug_THC_sorted.bam",-0.0764527570366489,0.0416008941766663,0.0120969846145987,0.0813867222685673
"94","/home/ahmccorm/kantar_lts/anna/bwa_alignments/Kannapedia_Bulk/Nuclear_cs10/sam_to_bam/sorted_bam/CRITICAL_MASS_CBD_RSP10012_Drug_CBD_sorted.bam",0.0375634140424578,-0.0390007798292998,0.0119192424591894,-0.0148373956392307
"95","/home/ahmccorm/kantar_lts/anna/bwa_alignments/Kannapedia_Bulk/Nuclear_cs10/sam_to_bam/sorted_bam/Critical_Mass_RSP10167_Drug_THC_sorted.bam",0.0802624590188124,-0.0862579366913033,-0.118935136228677,0.016646683756714
"96","/home/ahmccorm/kantar_lts/anna/bwa_alignments/Kannapedia_Bulk/Nuclear_cs10/sam_to_bam/sorted_bam/Crocketts_Haze_22_RSP10542_Drug_THC_sorted.bam",0.0129244829894749,0.00717715615036555,-0.0267223202627724,-0.0412745288371644
"97","/home/ahmccorm/kantar_lts/anna/bwa_alignments/Kannapedia_Bulk/Nuclear_cs10/sam_to_bam/sorted_bam/Dacia_2_RSP10238_Hemp_sorted.bam",-0.00190827213052226,0.00506684391030504,0.0794552167742253,-0.0629333289380795
"98","/home/ahmccorm/kantar_lts/anna/bwa_alignments/Kannapedia_Bulk/Nuclear_cs10/sam_to_bam/sorted_bam/Dark_Knight_3_RSP10960_Drug_THC_sorted.bam",-0.0326283514682463,-0.00017127957749912,0.0320633698879058,0.00419520118010959
"99","/home/ahmccorm/kantar_lts/anna/bwa_alignments/Kannapedia_Bulk/Nuclear_cs10/sam_to_bam/sorted_bam/Death_Star_RSP10130_Drug_THC_sorted.bam",-0.00211919826914892,-0.00588292588852659,-0.0484771132123287,0.0597509244025619
"100","/home/ahmccorm/kantar_lts/anna/bwa_alignments/Kannapedia_Bulk/Nuclear_cs10/sam_to_bam/sorted_bam/Diana_2_RSP10235_Unknown_sorted.bam",2.28447790416558e-48,4.81252825200427e-50,-8.00829703408084e-49,7.41148368585054e-49
"101","/home/ahmccorm/kantar_lts/anna/bwa_alignments/Kannapedia_Bulk/Nuclear_cs10/sam_to_bam/sorted_bam/Dirks_OG_RSP10582_Drug_THC_sorted.bam",-0.0792728510598365,0.0370393172143289,-0.0650331791241595,0.0468958193642797
"102","/home/ahmccorm/kantar_lts/anna/bwa_alignments/Kannapedia_Bulk/Nuclear_cs10/sam_to_bam/sorted_bam/Divided_Sky_RSP10624_Drug_THC_sorted.bam",0.0288127427098867,-0.0448439470514958,0.0305890118918182,-0.0322861015808292
"103","/home/ahmccorm/kantar_lts/anna/bwa_alignments/Kannapedia_Bulk/Nuclear_cs10/sam_to_bam/sorted_bam/Doubl_Tangie_Banana_1_RSP10366_Drug_THC_sorted.bam",0.0376425122143872,-0.0266367454067068,-0.0486839327414204,-0.0129157128437643
"104","/home/ahmccorm/kantar_lts/anna/bwa_alignments/Kannapedia_Bulk/Nuclear_cs10/sam_to_bam/sorted_bam/Doubl_Tangie_Banana_2_RSP10371_Drug_THC_sorted.bam",-0.02604905913014,-0.0231080937529811,-0.0423063516906629,-0.0562902622638912
"105","/home/ahmccorm/kantar_lts/anna/bwa_alignments/Kannapedia_Bulk/Nuclear_cs10/sam_to_bam/sorted_bam/Dream_Beaver_RSP10094_Drug_THC_sorted.bam",0.0140598563238004,-0.0723144027855267,-0.00566830032073157,0.0256772651578399
"106","/home/ahmccorm/kantar_lts/anna/bwa_alignments/Kannapedia_Bulk/Nuclear_cs10/sam_to_bam/sorted_bam/Dr_Who_RSP10066_Drug_THC_sorted.bam",0.0560524945115723,-0.0685202966199328,-0.0382368837126905,0.0257013257150538
"107","/home/ahmccorm/kantar_lts/anna/bwa_alignments/Kannapedia_Bulk/Nuclear_cs10/sam_to_bam/sorted_bam/Durban_Poison_1a_RSP10943_Drug_THC_sorted.bam",0.0504198457628781,-0.0776496095739731,-0.0474461381371106,-0.0144385066325004
"108","/home/ahmccorm/kantar_lts/anna/bwa_alignments/Kannapedia_Bulk/Nuclear_cs10/sam_to_bam/sorted_bam/Durban_Poison_1_RSP10150_Drug_THC_sorted.bam",0.0540554609307684,-0.0897631025408624,-0.0589860341619315,-0.00680425377517577
"109","/home/ahmccorm/kantar_lts/anna/bwa_alignments/Kannapedia_Bulk/Nuclear_cs10/sam_to_bam/sorted_bam/Durban_RSP10133_Drug_THC_sorted.bam",0.0510245166075695,-0.0863919063230189,-0.0572898363680843,-0.00927507894942732
"110","/home/ahmccorm/kantar_lts/anna/bwa_alignments/Kannapedia_Bulk/Nuclear_cs10/sam_to_bam/sorted_bam/Dutch_Treat_Haze_RSP10197_Drug_THC_sorted.bam",0.0145422083115273,-0.0670681707758344,-0.00512949098310683,-0.010679992934783
"111","/home/ahmccorm/kantar_lts/anna/bwa_alignments/Kannapedia_Bulk/Nuclear_cs10/sam_to_bam/sorted_bam/E005AMMPR0001_RSP10483_Drug_THC_sorted.bam",-0.109041684038604,0.00756526396137259,-0.0480860025610528,-0.0542037722678246
"112","/home/ahmccorm/kantar_lts/anna/bwa_alignments/Kannapedia_Bulk/Nuclear_cs10/sam_to_bam/sorted_bam/E005AMMSG0001_RSP10482_Drug_THC_sorted.bam",-0.0999374711146683,0.00233098889619752,-0.0411423425931722,-0.0211397542934403
"113","/home/ahmccorm/kantar_lts/anna/bwa_alignments/Kannapedia_Bulk/Nuclear_cs10/sam_to_bam/sorted_bam/El_Diablo_RSP10136_Drug_THC_sorted.bam",-0.0714612845885043,-0.00674372480875845,-0.0723551876825666,-0.00730199194505874
"114","/home/ahmccorm/kantar_lts/anna/bwa_alignments/Kannapedia_Bulk/Nuclear_cs10/sam_to_bam/sorted_bam/Face_Off_OG_RSP10146_Drug_THC_sorted.bam",-0.140936819401753,0.0375710986772042,-0.0411067238773834,-0.055342768783923
"115","/home/ahmccorm/kantar_lts/anna/bwa_alignments/Kannapedia_Bulk/Nuclear_cs10/sam_to_bam/sorted_bam/F_CANCER_RSP10080_Drug_CBD_sorted.bam",-0.0773192714085917,0.00723166698256325,-0.0202754506215779,0.0189797937148866
"116","/home/ahmccorm/kantar_lts/anna/bwa_alignments/Kannapedia_Bulk/Nuclear_cs10/sam_to_bam/sorted_bam/Fedora_17_2_RSP10062_Hemp_sorted.bam",0.00413830937183166,-0.00695045753042801,0.125480254473359,-0.0859340221426515
"117","/home/ahmccorm/kantar_lts/anna/bwa_alignments/Kannapedia_Bulk/Nuclear_cs10/sam_to_bam/sorted_bam/Felina32_2_RSP10232_Hemp_sorted.bam",0.00197985312670083,0.00313638763294537,0.102213373308022,-0.0686378309924272
"118","/home/ahmccorm/kantar_lts/anna/bwa_alignments/Kannapedia_Bulk/Nuclear_cs10/sam_to_bam/sorted_bam/Ferimon_RSP10063_Hemp_sorted.bam",0.0077191508099778,-0.00244937784767245,0.110639957473486,-0.0833027562842334
"119","/home/ahmccorm/kantar_lts/anna/bwa_alignments/Kannapedia_Bulk/Nuclear_cs10/sam_to_bam/sorted_bam/Fire_Angel_1_RSP10298_Drug_THC_CBD_sorted.bam",0.0602260683688904,-0.0540617504509777,-0.0379307169391098,0.0249062282132777
"120","/home/ahmccorm/kantar_lts/anna/bwa_alignments/Kannapedia_Bulk/Nuclear_cs10/sam_to_bam/sorted_bam/Fire_Angel_2_RSP10611_Drug_THC_CBD_sorted.bam",0.0565106686236862,-0.0502255553137306,-0.0298557540513615,0.0275576129893488
"121","/home/ahmccorm/kantar_lts/anna/bwa_alignments/Kannapedia_Bulk/Nuclear_cs10/sam_to_bam/sorted_bam/Futura_75_3_RSP10234_Hemp_sorted.bam",0.00970227048500494,-0.00232840642476216,0.115737310738418,-0.0835359201995895
"122","/home/ahmccorm/kantar_lts/anna/bwa_alignments/Kannapedia_Bulk/Nuclear_cs10/sam_to_bam/sorted_bam/G4X_San_Fernando_Monster_RSP10397_Drug_THC_sorted.bam",-0.0972529565722323,0.0193463326005676,0.0433683170858383,0.0144162541705636
"123","/home/ahmccorm/kantar_lts/anna/bwa_alignments/Kannapedia_Bulk/Nuclear_cs10/sam_to_bam/sorted_bam/GFU_x_Mr_Nice_RSP10145_Unknown_sorted.bam",-0.0532419826584832,0.0484922117915238,0.0259492224241511,0.0291905043459351
"124","/home/ahmccorm/kantar_lts/anna/bwa_alignments/Kannapedia_Bulk/Nuclear_cs10/sam_to_bam/sorted_bam/Ghost_Train_Haze_RSP10604_Drug_THC_sorted.bam",-0.0874863892371011,0.020420378935948,0.0134302992631136,-0.0860887528555452
"125","/home/ahmccorm/kantar_lts/anna/bwa_alignments/Kannapedia_Bulk/Nuclear_cs10/sam_to_bam/sorted_bam/Ghost_Train_Haze_x_Snow_Dog_RSP10148_Drug_THC_sorted.bam",-0.00688378485220362,-0.0110108823442184,-0.0236354931811639,-0.0238134010181947
"126","/home/ahmccorm/kantar_lts/anna/bwa_alignments/Kannapedia_Bulk/Nuclear_cs10/sam_to_bam/sorted_bam/Girl_Scout_Cookies_1_RSP10124_Drug_THC_sorted.bam",-0.139392360748224,0.0296207171439761,-0.0179078621927731,0.00610978100185952
"127","/home/ahmccorm/kantar_lts/anna/bwa_alignments/Kannapedia_Bulk/Nuclear_cs10/sam_to_bam/sorted_bam/Girl_Scout_Cookies_2_RSP10141_Drug_THC_sorted.bam",-0.0596558662212515,0.0244357894541999,0.0164084064895082,0.172254066013765
"128","/home/ahmccorm/kantar_lts/anna/bwa_alignments/Kannapedia_Bulk/Nuclear_cs10/sam_to_bam/sorted_bam/Girl_Scout_Cookies_3_RSP10246_Drug_THC_sorted.bam",-0.0287650251190111,0.00935847874201264,0.00698600873786073,0.0785844072974245
"129","/home/ahmccorm/kantar_lts/anna/bwa_alignments/Kannapedia_Bulk/Nuclear_cs10/sam_to_bam/sorted_bam/Girl_Scout_Cookies_4_RSP10413_Drug_THC_sorted.bam",-0.058793474301256,0.0282281705073139,0.0139813005787147,0.178888797106914
"130","/home/ahmccorm/kantar_lts/anna/bwa_alignments/Kannapedia_Bulk/Nuclear_cs10/sam_to_bam/sorted_bam/Girl_Scout_Cookies_5_RSP10435_Drug_THC_sorted.bam",0.0355050507187283,-0.0618320275197738,-0.0235762980307239,0.0578530690333757
"131","/home/ahmccorm/kantar_lts/anna/bwa_alignments/Kannapedia_Bulk/Nuclear_cs10/sam_to_bam/sorted_bam/Girl_Scout_Cookies_x_AK47_RSP10125_Drug_THC_sorted.bam",0.0287017283705598,-0.00523678672299283,0.0320617362255718,0.0128801537820304
"132","/home/ahmccorm/kantar_lts/anna/bwa_alignments/Kannapedia_Bulk/Nuclear_cs10/sam_to_bam/sorted_bam/Girl_Scout_Platinum_RSP10091_Drug_THC_sorted.bam",-0.0307407333553449,-0.0225595852840971,-0.0354976158596123,-0.00192683650023278
"133","/home/ahmccorm/kantar_lts/anna/bwa_alignments/Kannapedia_Bulk/Nuclear_cs10/sam_to_bam/sorted_bam/Glueberry_RSP10703_Drug_THC_sorted.bam",-0.0671023920135693,0.0307384637176563,0.0401708975515545,0.0902913434299296
"134","/home/ahmccorm/kantar_lts/anna/bwa_alignments/Kannapedia_Bulk/Nuclear_cs10/sam_to_bam/sorted_bam/Glue_on_Fire_1_RSP10592_Drug_THC_sorted.bam",-0.111462557844214,0.0261804683848497,-0.0266176825100853,-0.0315031259157567
"135","/home/ahmccorm/kantar_lts/anna/bwa_alignments/Kannapedia_Bulk/Nuclear_cs10/sam_to_bam/sorted_bam/Golden_Goat_2_1_RSP10945_Drug_THC_sorted.bam",0.0491163817016921,0.0861862640394644,0.000519886807164523,-0.00448299627048563
"136","/home/ahmccorm/kantar_lts/anna/bwa_alignments/Kannapedia_Bulk/Nuclear_cs10/sam_to_bam/sorted_bam/Golden_Ticket_RSP10610_Drug_THC_sorted.bam",-0.00980838834418405,0.00306021837580981,0.0147699184455878,-0.000777303529253096
"137","/home/ahmccorm/kantar_lts/anna/bwa_alignments/Kannapedia_Bulk/Nuclear_cs10/sam_to_bam/sorted_bam/Gorilla_Glue_4_RSP10471_Drug_THC_sorted.bam",-0.0721080923655645,0.0247400995505354,0.0205869420216418,0.0728597083704797
"138","/home/ahmccorm/kantar_lts/anna/bwa_alignments/Kannapedia_Bulk/Nuclear_cs10/sam_to_bam/sorted_bam/Grape_Ape_1_RSP10248_Drug_THC_sorted.bam",0.000952034873464955,0.0184025746358575,0.068762276179248,0.118325357196035
"139","/home/ahmccorm/kantar_lts/anna/bwa_alignments/Kannapedia_Bulk/Nuclear_cs10/sam_to_bam/sorted_bam/Grape_Ape_2_RSP10250_Drug_THC_sorted.bam",0.00725782356318208,0.0235353889372075,0.0895696343157292,0.137989592941261
"140","/home/ahmccorm/kantar_lts/anna/bwa_alignments/Kannapedia_Bulk/Nuclear_cs10/sam_to_bam/sorted_bam/Green_Crack_1_RSP10069_Drug_THC_sorted.bam",0.0296959069867253,-0.00351280671682852,-0.0162661719735718,0.0283298508913715
"141","/home/ahmccorm/kantar_lts/anna/bwa_alignments/Kannapedia_Bulk/Nuclear_cs10/sam_to_bam/sorted_bam/Green_Crack_2_RSP10166_Drug_THC_sorted.bam",0.0423760524581459,-0.0681029672093948,-0.0369828763628015,0.0185346675087244
"142","/home/ahmccorm/kantar_lts/anna/bwa_alignments/Kannapedia_Bulk/Nuclear_cs10/sam_to_bam/sorted_bam/GUERILLA_MEDS_RSP10083_Drug_CBD_sorted.bam",0.0396344864462887,-0.0276530696678657,0.0861184868759128,-0.0799738181811901
"143","/home/ahmccorm/kantar_lts/anna/bwa_alignments/Kannapedia_Bulk/Nuclear_cs10/sam_to_bam/sorted_bam/Gupta_Kush_RSP10520_Drug_THC_sorted.bam",-0.0960864830565711,0.0945576407841873,-0.0268820292245774,-0.129450497502616
"144","/home/ahmccorm/kantar_lts/anna/bwa_alignments/Kannapedia_Bulk/Nuclear_cs10/sam_to_bam/sorted_bam/Guptilla_RSP10518_Drug_THC_sorted.bam",-0.097224913494811,0.0477856918459672,-0.0473422873565718,-0.0594318769014579
"145","/home/ahmccorm/kantar_lts/anna/bwa_alignments/Kannapedia_Bulk/Nuclear_cs10/sam_to_bam/sorted_bam/HARLEQUIN_CBD_RSP10076_Drug_CBD_sorted.bam",0.0432867566928933,-0.0618890840364245,0.00631548333593459,-0.0379062054047601
"146","/home/ahmccorm/kantar_lts/anna/bwa_alignments/Kannapedia_Bulk/Nuclear_cs10/sam_to_bam/sorted_bam/Harlequin_RSP10140_Drug_THC_CBD_sorted.bam",0.0417311310055662,-0.0644731123919289,0.00429980237276764,-0.03241312329531
"147","/home/ahmccorm/kantar_lts/anna/bwa_alignments/Kannapedia_Bulk/Nuclear_cs10/sam_to_bam/sorted_bam/HARLEQUIN_TSUNAMI_RSP10099_Drug_CBD_sorted.bam",0.0429176368232281,-0.063647065604864,-0.00228237464743678,-0.0431784272215523
"148","/home/ahmccorm/kantar_lts/anna/bwa_alignments/Kannapedia_Bulk/Nuclear_cs10/sam_to_bam/sorted_bam/HARLE_TSU_1_RSP10098_Drug_CBD_sorted.bam",0.0497220450385815,-0.0181061815975849,-0.0124545388781934,0.0561370261323256
"149","/home/ahmccorm/kantar_lts/anna/bwa_alignments/Kannapedia_Bulk/Nuclear_cs10/sam_to_bam/sorted_bam/HARLE_TSU_2_RSP10101_Drug_CBD_sorted.bam",0.0268471388069316,-0.0466775033061892,0.0376476630122877,-0.0697661871853381
"150","/home/ahmccorm/kantar_lts/anna/bwa_alignments/Kannapedia_Bulk/Nuclear_cs10/sam_to_bam/sorted_bam/Harlow_RSP10560_Unknown_sorted.bam",-0.0273657015996456,-0.0191982681331291,0.0177046582215146,0.0222011479503815
"151","/home/ahmccorm/kantar_lts/anna/bwa_alignments/Kannapedia_Bulk/Nuclear_cs10/sam_to_bam/sorted_bam/Hash_Plant_Puck_RSP10155_Drug_THC_sorted.bam",0.0125432711994556,-0.0485837951216757,0.0344722704487199,-0.00697778013998374
"152","/home/ahmccorm/kantar_lts/anna/bwa_alignments/Kannapedia_Bulk/Nuclear_cs10/sam_to_bam/sorted_bam/Hawaiian_Sunrise_RSP10525_Drug_THC_sorted.bam",0.0348461302980916,0.0397228816044673,0.0271664273434994,-0.00532957751592651
"153","/home/ahmccorm/kantar_lts/anna/bwa_alignments/Kannapedia_Bulk/Nuclear_cs10/sam_to_bam/sorted_bam/Headband_RSP10154_Drug_THC_sorted.bam",-0.171934894265713,0.0244060473060631,-0.0678001848172663,-0.0775485166316359
"154","/home/ahmccorm/kantar_lts/anna/bwa_alignments/Kannapedia_Bulk/Nuclear_cs10/sam_to_bam/sorted_bam/Headcheese_RSP10297_Drug_THC_sorted.bam",0.0287608374811801,-0.043870579799298,-0.0746628159556215,0.00738696357057645
"155","/home/ahmccorm/kantar_lts/anna/bwa_alignments/Kannapedia_Bulk/Nuclear_cs10/sam_to_bam/sorted_bam/Hells_Fire_RSP10377_Drug_THC_sorted.bam",-0.042603169991789,0.0799977594901191,0.0348408510564069,-0.00711231254165484
"156","/home/ahmccorm/kantar_lts/anna/bwa_alignments/Kannapedia_Bulk/Nuclear_cs10/sam_to_bam/sorted_bam/In_the_Pines_RSP10172_Drug_THC_CBD_sorted.bam",0.0659033908545363,0.0361563098402345,-0.0116549366302906,-0.0165489859157503
"157","/home/ahmccorm/kantar_lts/anna/bwa_alignments/Kannapedia_Bulk/Nuclear_cs10/sam_to_bam/sorted_bam/Ivory_1_RSP10065_Drug_THC_sorted.bam",0.0071783105470093,-0.000584280729141482,0.115873783570619,-0.103783897994414
"158","/home/ahmccorm/kantar_lts/anna/bwa_alignments/Kannapedia_Bulk/Nuclear_cs10/sam_to_bam/sorted_bam/Jack_Herrer_RSP10587_Drug_THC_sorted.bam",0.0763984896156045,-0.109093854167087,-0.0930562618565972,0.021449341676707
"159","/home/ahmccorm/kantar_lts/anna/bwa_alignments/Kannapedia_Bulk/Nuclear_cs10/sam_to_bam/sorted_bam/Jamaican_Lion_1_RSP10693_Drug_THC_CBD_sorted.bam",0.0550967733108728,0.00849600277260681,0.0272355544632576,-0.00587784001097734
"160","/home/ahmccorm/kantar_lts/anna/bwa_alignments/Kannapedia_Bulk/Nuclear_cs10/sam_to_bam/sorted_bam/Jamaican_Lion_2_RSP10694_Drug_THC_CBD_sorted.bam",0.0547167798543251,-0.00425708091882713,0.02141023072899,-4.14168224406909e-05
"161","/home/ahmccorm/kantar_lts/anna/bwa_alignments/Kannapedia_Bulk/Nuclear_cs10/sam_to_bam/sorted_bam/Jesus_RSP10147_Drug_THC_sorted.bam",-0.101983801661015,0.0197499776691251,-0.0660233532208788,-0.00433870631718995
"162","/home/ahmccorm/kantar_lts/anna/bwa_alignments/Kannapedia_Bulk/Nuclear_cs10/sam_to_bam/sorted_bam/Jiangji_1_RSP10236_Drug_CBD_sorted.bam",0.000209840117057916,-0.010953591147355,0.0534243068169252,-0.0458385984411184
"163","/home/ahmccorm/kantar_lts/anna/bwa_alignments/Kannapedia_Bulk/Nuclear_cs10/sam_to_bam/sorted_bam/Juneaus_Gift_RSP10547_Drug_THC_sorted.bam",0.0142246250792005,-0.0854937959232584,-0.0080116599493975,0.00438011967188514
"164","/home/ahmccorm/kantar_lts/anna/bwa_alignments/Kannapedia_Bulk/Nuclear_cs10/sam_to_bam/sorted_bam/Killawatt_RSP10608_Drug_THC_sorted.bam",0.0124399509987081,0.00844895677600352,0.0239464667634612,0.0682902416002348
"165","/home/ahmccorm/kantar_lts/anna/bwa_alignments/Kannapedia_Bulk/Nuclear_cs10/sam_to_bam/sorted_bam/Kimbo_Slice_1_RSP10949_Drug_THC_sorted.bam",-0.0116859988295213,0.0215570968323828,0.0874907215003111,-0.00446930117305277
"166","/home/ahmccorm/kantar_lts/anna/bwa_alignments/Kannapedia_Bulk/Nuclear_cs10/sam_to_bam/sorted_bam/Kona_Kush_RSP10593_Drug_THC_sorted.bam",-0.040267007287071,0.0148660691649756,-0.0896547939825132,0.00288226053720357
"167","/home/ahmccorm/kantar_lts/anna/bwa_alignments/Kannapedia_Bulk/Nuclear_cs10/sam_to_bam/sorted_bam/Kong_RSP10161_Drug_THC_sorted.bam",-0.0030732614755371,-0.00441872375561866,-0.0521357729026497,0.0574608238086685
"168","/home/ahmccorm/kantar_lts/anna/bwa_alignments/Kannapedia_Bulk/Nuclear_cs10/sam_to_bam/sorted_bam/Krishna_Kush_RSP10519_Drug_THC_sorted.bam",-0.0183460370027164,0.0859638816692221,0.00356838407559588,-0.0131263232353831
"169","/home/ahmccorm/kantar_lts/anna/bwa_alignments/Kannapedia_Bulk/Nuclear_cs10/sam_to_bam/sorted_bam/Kush_It_1_RSP10392_Drug_THC_sorted.bam",0.0169504308030823,-0.00575967655074014,-0.0585242903943655,-0.00158593535837216
"170","/home/ahmccorm/kantar_lts/anna/bwa_alignments/Kannapedia_Bulk/Nuclear_cs10/sam_to_bam/sorted_bam/Kush_It_2_RSP10412_Drug_THC_sorted.bam",-0.0118635906092182,-0.0396318559946425,-0.0733607163726913,-0.0170424529219211
"171","/home/ahmccorm/kantar_lts/anna/bwa_alignments/Kannapedia_Bulk/Nuclear_cs10/sam_to_bam/sorted_bam/Lambs_Bread_RSP10138_Drug_THC_sorted.bam",0.00587428229438203,-0.0742043265470156,-0.0148643210231482,-0.000343588760850895
"172","/home/ahmccorm/kantar_lts/anna/bwa_alignments/Kannapedia_Bulk/Nuclear_cs10/sam_to_bam/sorted_bam/Land_Race_Jamaican_1_RSP10152_Landrace_sorted.bam",0.0313905460525426,-0.0233184128660671,0.0389021108001723,-7.63949538984364e-05
"173","/home/ahmccorm/kantar_lts/anna/bwa_alignments/Kannapedia_Bulk/Nuclear_cs10/sam_to_bam/sorted_bam/Lavender_Diesel_RSP10268_Drug_THC_sorted.bam",-0.0123219317414556,-0.00800342412174362,0.0524320208034807,0.159192717977344
"174","/home/ahmccorm/kantar_lts/anna/bwa_alignments/Kannapedia_Bulk/Nuclear_cs10/sam_to_bam/sorted_bam/L_Eagle_Eagle_RSP10247_Drug_THC_sorted.bam",0.0463356888638795,0.0664345728156392,-0.00749583082540121,-0.00461887332038216
"175","/home/ahmccorm/kantar_lts/anna/bwa_alignments/Kannapedia_Bulk/Nuclear_cs10/sam_to_bam/sorted_bam/Lemonhead_OG_RSP10180_Drug_THC_sorted.bam",-0.111188666698355,0.0436126475551464,-0.0814569433945769,-0.0698639030320244
"176","/home/ahmccorm/kantar_lts/anna/bwa_alignments/Kannapedia_Bulk/Nuclear_cs10/sam_to_bam/sorted_bam/Lemon_Meringue_OG_RSP10470_Drug_THC_sorted.bam",-0.0678559824400544,0.0236165241137324,-0.00847212712904672,0.058616547432921
"177","/home/ahmccorm/kantar_lts/anna/bwa_alignments/Kannapedia_Bulk/Nuclear_cs10/sam_to_bam/sorted_bam/Lemon_Skunk_1_RSP10193_Drug_THC_sorted.bam",-0.0481391732327591,-0.0226869214625271,-0.121247900601031,0.00763424903671657
"178","/home/ahmccorm/kantar_lts/anna/bwa_alignments/Kannapedia_Bulk/Nuclear_cs10/sam_to_bam/sorted_bam/Lil_Sebastian_RSP10434_Drug_THC_sorted.bam",-0.0541227340615797,0.0118015433116559,-0.0313490687196959,-0.0282503251368606
"179","/home/ahmccorm/kantar_lts/anna/bwa_alignments/Kannapedia_Bulk/Nuclear_cs10/sam_to_bam/sorted_bam/Loopy_Fruit_RSP10168_Drug_THC_sorted.bam",-0.0401334920288721,0.0158386111514334,0.0536144133557053,0.0537797025243456
"180","/home/ahmccorm/kantar_lts/anna/bwa_alignments/Kannapedia_Bulk/Nuclear_cs10/sam_to_bam/sorted_bam/Lovrin_1_RSP10059_Unknown_sorted.bam",0.00342632228945954,-0.000226290688839138,0.130739948859153,-0.111511386716776
"181","/home/ahmccorm/kantar_lts/anna/bwa_alignments/Kannapedia_Bulk/Nuclear_cs10/sam_to_bam/sorted_bam/Lovrin_2_RSP10239_Unknown_sorted.bam",0.00334729318108819,-5.69554501878764e-05,0.130449551340944,-0.111288226722147
"182","/home/ahmccorm/kantar_lts/anna/bwa_alignments/Kannapedia_Bulk/Nuclear_cs10/sam_to_bam/sorted_bam/Lucky_Charms_RSP10092_Drug_THC_sorted.bam",-0.0336283865302264,-0.00959761482836818,-0.0541890413614223,-0.0351475495124471
"183","/home/ahmccorm/kantar_lts/anna/bwa_alignments/Kannapedia_Bulk/Nuclear_cs10/sam_to_bam/sorted_bam/Mang_Thai_Doo_RSP10178_Drug_THC_sorted.bam",-0.0875297818629085,-0.00284385944525633,-0.0233873096247636,-0.0327577056664278
"184","/home/ahmccorm/kantar_lts/anna/bwa_alignments/Kannapedia_Bulk/Nuclear_cs10/sam_to_bam/sorted_bam/Master_Banana_Pheno_7_RSP10480_Unknown_sorted.bam",0.0643932764626689,-0.0364530461840308,-0.0781327297807796,-0.0829727432293714
"185","/home/ahmccorm/kantar_lts/anna/bwa_alignments/Kannapedia_Bulk/Nuclear_cs10/sam_to_bam/sorted_bam/Master_Banana_Pheno_8_RSP10479_Unknown_sorted.bam",0.078134282713014,-0.0474923223902758,-0.0650495994848349,-0.0347147956733834
"186","/home/ahmccorm/kantar_lts/anna/bwa_alignments/Kannapedia_Bulk/Nuclear_cs10/sam_to_bam/sorted_bam/Maui_Waui_RSP10251_Drug_THC_sorted.bam",0.0465767842882661,0.0723738507800024,-0.00383772135259068,0.0172542454265738
"187","/home/ahmccorm/kantar_lts/anna/bwa_alignments/Kannapedia_Bulk/Nuclear_cs10/sam_to_bam/sorted_bam/McGrupp_6_RSP10959_Drug_THC_sorted.bam",0.00499934543522039,0.038476088772121,-0.0129781358336769,0.041224371237261
"188","/home/ahmccorm/kantar_lts/anna/bwa_alignments/Kannapedia_Bulk/Nuclear_cs10/sam_to_bam/sorted_bam/Mendo_Breath_1_RSP10406_Drug_THC_sorted.bam",-0.0226129044188011,0.0136587754155899,0.0310124810519676,0.114736392974165
"189","/home/ahmccorm/kantar_lts/anna/bwa_alignments/Kannapedia_Bulk/Nuclear_cs10/sam_to_bam/sorted_bam/Mendo_Breath_2_RSP10416_Drug_THC_sorted.bam",-0.0162466813909405,-0.0149431355507898,0.0354016695970254,0.117188035006982
"190","/home/ahmccorm/kantar_lts/anna/bwa_alignments/Kannapedia_Bulk/Nuclear_cs10/sam_to_bam/sorted_bam/Mengma_RSP10051_Mengma1CSU_pooled_Unknown_sorted.bam",0.0276373406935636,0.0182274275313638,0.0740008072408195,-0.0846763788722159
"191","/home/ahmccorm/kantar_lts/anna/bwa_alignments/Kannapedia_Bulk/Nuclear_cs10/sam_to_bam/sorted_bam/Miche_Nepal_RSP10207_Unknown_sorted.bam",0.0334464967256149,-0.0212926732444353,0.0341180334364357,-0.00396873654648278
"192","/home/ahmccorm/kantar_lts/anna/bwa_alignments/Kannapedia_Bulk/Nuclear_cs10/sam_to_bam/sorted_bam/Monoica_1_RSP10061_Hemp_sorted.bam",0.00289929090127855,-0.000320919799690916,0.129815666827536,-0.0933363366528474
"193","/home/ahmccorm/kantar_lts/anna/bwa_alignments/Kannapedia_Bulk/Nuclear_cs10/sam_to_bam/sorted_bam/Moonshine_Haze_RSP10067_Drug_THC_sorted.bam",0.0869379513748635,-0.0404684194263712,-0.0277988261489477,-0.0511300629481217
"194","/home/ahmccorm/kantar_lts/anna/bwa_alignments/Kannapedia_Bulk/Nuclear_cs10/sam_to_bam/sorted_bam/Mothers_Milk_5_RSP10546_Drug_THC_sorted.bam",-0.0649745902033266,-0.0346622011810175,-0.0772709435910648,-0.0330112642201044
"195","/home/ahmccorm/kantar_lts/anna/bwa_alignments/Kannapedia_Bulk/Nuclear_cs10/sam_to_bam/sorted_bam/Mothers_Milk_RSP10598_Drug_THC_sorted.bam",-0.0622271321582055,-0.0234653384972602,-0.0702416632397725,-0.046900109604265
"196","/home/ahmccorm/kantar_lts/anna/bwa_alignments/Kannapedia_Bulk/Nuclear_cs10/sam_to_bam/sorted_bam/Mount_Jones_5_RSP10964_Drug_THC_sorted.bam",0.00015026947067177,0.0234347704350867,-0.00919086796695533,-0.0505535550304549
"197","/home/ahmccorm/kantar_lts/anna/bwa_alignments/Kannapedia_Bulk/Nuclear_cs10/sam_to_bam/sorted_bam/New_York_Sour_Diesel_RSP10599_Drug_THC_sorted.bam",-0.0451232796424224,0.0466834146360905,0.0161989391236108,-0.0517766904542727
"198","/home/ahmccorm/kantar_lts/anna/bwa_alignments/Kannapedia_Bulk/Nuclear_cs10/sam_to_bam/sorted_bam/Ninja_Fruit_RSP10478_Drug_THC_sorted.bam",-0.0192643015374261,-0.020394541041659,0.0112625545662442,-0.00760822226121155
"199","/home/ahmccorm/kantar_lts/anna/bwa_alignments/Kannapedia_Bulk/Nuclear_cs10/sam_to_bam/sorted_bam/Northern_Lights_1_RSP10026_Drug_THC_sorted.bam",0.0165877805011448,0.0695716631070222,0.034985248500665,0.0639161766756567
"200","/home/ahmccorm/kantar_lts/anna/bwa_alignments/Kannapedia_Bulk/Nuclear_cs10/sam_to_bam/sorted_bam/NYC_Diesel_RSP10028_Drug_THC_sorted.bam",-0.0176922364903929,-0.0316154187807078,-0.0282197308323645,-0.0087720043703727
"201","/home/ahmccorm/kantar_lts/anna/bwa_alignments/Kannapedia_Bulk/Nuclear_cs10/sam_to_bam/sorted_bam/OG_Kush_RSP10070_Drug_THC_sorted.bam",-0.0300953825778052,-0.0178433090637845,0.0659791017616667,-0.074319958731061
"202","/home/ahmccorm/kantar_lts/anna/bwa_alignments/Kannapedia_Bulk/Nuclear_cs10/sam_to_bam/sorted_bam/OG_Kush_X_Bubba_Kush_RSP10394_Drug_THC_sorted.bam",-0.034319963074683,0.0260505481866482,0.0175444045654593,-0.0328652890232099
"203","/home/ahmccorm/kantar_lts/anna/bwa_alignments/Kannapedia_Bulk/Nuclear_cs10/sam_to_bam/sorted_bam/OG_Kush_X_Meadband_X_Master_Kush_RSP10410_Drug_THC_sorted.bam",-0.0956451116523273,0.0272153736145466,0.0791527626152978,0.0474883861872783
"204","/home/ahmccorm/kantar_lts/anna/bwa_alignments/Kannapedia_Bulk/Nuclear_cs10/sam_to_bam/sorted_bam/OG_Kush_X_Pure_Kush_RSP10398_Drug_THC_sorted.bam",-0.104565466040359,-0.0045182710384379,0.0314645137761984,0.0413138377783826
"205","/home/ahmccorm/kantar_lts/anna/bwa_alignments/Kannapedia_Bulk/Nuclear_cs10/sam_to_bam/sorted_bam/OG_Kush_X_Purple_Bubblegum_X_C4_RSP10399_Drug_THC_sorted.bam",-0.0344450330720676,-0.0392747642759051,-0.0503743687691449,0.018952483533047
"206","/home/ahmccorm/kantar_lts/anna/bwa_alignments/Kannapedia_Bulk/Nuclear_cs10/sam_to_bam/sorted_bam/OG_Kush_X_San_Fernando_Monster_RSP10400_Drug_THC_sorted.bam",-0.0757487573562388,0.00396787092602421,-0.00107006168272956,0.0315674427637408
"207","/home/ahmccorm/kantar_lts/anna/bwa_alignments/Kannapedia_Bulk/Nuclear_cs10/sam_to_bam/sorted_bam/OG_Kush_X_Super_Silver_Haze_RSP10401_Drug_THC_sorted.bam",-0.0383704318966368,-0.0191790194172041,0.0263919440098618,0.0545287835346319
"208","/home/ahmccorm/kantar_lts/anna/bwa_alignments/Kannapedia_Bulk/Nuclear_cs10/sam_to_bam/sorted_bam/Old_School_Blueberry_RSP10149_Drug_THC_sorted.bam",0.0285759132570844,0.00797215436127056,0.0418785787461035,0.0481412202249589
"209","/home/ahmccorm/kantar_lts/anna/bwa_alignments/Kannapedia_Bulk/Nuclear_cs10/sam_to_bam/sorted_bam/Orange_Zeta_RSP10961_Drug_THC_sorted.bam",-0.0310338949302987,-0.0381929581511292,-0.00805033138693256,-0.0145711380838109
"210","/home/ahmccorm/kantar_lts/anna/bwa_alignments/Kannapedia_Bulk/Nuclear_cs10/sam_to_bam/sorted_bam/Orangutan_RSP10701_Drug_THC_sorted.bam",-0.0449931271623648,0.0381484463477779,0.0125154404321352,0.0692264359666646
"211","/home/ahmccorm/kantar_lts/anna/bwa_alignments/Kannapedia_Bulk/Nuclear_cs10/sam_to_bam/sorted_bam/Otto_1_RSP10126_Drug_CBD_sorted.bam",0.0336848632080092,-0.0369586608295244,0.0654835063904381,-0.0455788773889357
"212","/home/ahmccorm/kantar_lts/anna/bwa_alignments/Kannapedia_Bulk/Nuclear_cs10/sam_to_bam/sorted_bam/Outer_Space_RSP10591_Drug_THC_sorted.bam",0.0454642739072638,0.0250007890252376,0.0230652271043586,-0.0100305634441807
"213","/home/ahmccorm/kantar_lts/anna/bwa_alignments/Kannapedia_Bulk/Nuclear_cs10/sam_to_bam/sorted_bam/Pineapple_Express_RSP10429_Drug_THC_sorted.bam",0.0738998134045542,-0.0526570965809389,-0.103054315402574,0.0328007041005561
"214","/home/ahmccorm/kantar_lts/anna/bwa_alignments/Kannapedia_Bulk/Nuclear_cs10/sam_to_bam/sorted_bam/PINEAPPLE_TSU_1_RSP10075_Drug_CBD_sorted.bam",0.0497659244593149,-0.0109116567155217,-0.0182354841862506,0.0310850845021061
"215","/home/ahmccorm/kantar_lts/anna/bwa_alignments/Kannapedia_Bulk/Nuclear_cs10/sam_to_bam/sorted_bam/PINEAPPLE_TSU_2_RSP10077_Drug_CBD_sorted.bam",0.0442226906776419,-0.0412928851519598,0.0174268425702214,-0.026361694753609
"216","/home/ahmccorm/kantar_lts/anna/bwa_alignments/Kannapedia_Bulk/Nuclear_cs10/sam_to_bam/sorted_bam/Pineberry_RSP10123_Drug_THC_sorted.bam",0.0822406962291515,0.0781079263058257,-0.0394039031056331,0.0325015030259879
"217","/home/ahmccorm/kantar_lts/anna/bwa_alignments/Kannapedia_Bulk/Nuclear_cs10/sam_to_bam/sorted_bam/Plum_Crazy_RSP10848_Drug_THC_sorted.bam",-0.065859422882877,-0.00255596044797819,-0.00887569025994163,-0.0166296474835305
"218","/home/ahmccorm/kantar_lts/anna/bwa_alignments/Kannapedia_Bulk/Nuclear_cs10/sam_to_bam/sorted_bam/Primus_OG_1_RSP10585_Drug_THC_sorted.bam",-0.0365312630440195,0.0248300799336441,0.0270413918248582,0.14210104606581
"219","/home/ahmccorm/kantar_lts/anna/bwa_alignments/Kannapedia_Bulk/Nuclear_cs10/sam_to_bam/sorted_bam/Primus_OG_2_RSP10596_Drug_THC_sorted.bam",-0.0322459635147475,0.0182780426892267,0.0297444606554295,0.127628873540875
"220","/home/ahmccorm/kantar_lts/anna/bwa_alignments/Kannapedia_Bulk/Nuclear_cs10/sam_to_bam/sorted_bam/Pure_Kush_X_808_OG_Kush_RSP10402_Drug_THC_sorted.bam",-0.0975645749604753,0.00548735395236592,0.0104083783361143,0.0645375526597899
"221","/home/ahmccorm/kantar_lts/anna/bwa_alignments/Kannapedia_Bulk/Nuclear_cs10/sam_to_bam/sorted_bam/Purple_Buddha_RSP10200_Drug_THC_sorted.bam",0.0412018849138357,-0.0498270741778464,-0.049730194486336,-0.0430727965027409
"222","/home/ahmccorm/kantar_lts/anna/bwa_alignments/Kannapedia_Bulk/Nuclear_cs10/sam_to_bam/sorted_bam/Purple_Cactus_4_RSP10963_Drug_THC_sorted.bam",0.0254079654170421,-0.032131582303811,-0.0119193192262051,0.032520452287539
"223","/home/ahmccorm/kantar_lts/anna/bwa_alignments/Kannapedia_Bulk/Nuclear_cs10/sam_to_bam/sorted_bam/Purple_Candy_Cane_RSP10176_Drug_THC_sorted.bam",0.0540702297934795,0.0442162006154849,-0.0193234482543614,0.0511688390373256
"224","/home/ahmccorm/kantar_lts/anna/bwa_alignments/Kannapedia_Bulk/Nuclear_cs10/sam_to_bam/sorted_bam/Purple_Erkel_X_Girl_Scout_Cookies_RSP10414_Drug_THC_sorted.bam",-0.0304071515687455,-0.00665460029619083,0.0542733250939086,0.157594372905256
"225","/home/ahmccorm/kantar_lts/anna/bwa_alignments/Kannapedia_Bulk/Nuclear_cs10/sam_to_bam/sorted_bam/Purple_Kush_X_Super_Silver_Haze_RSP10409_Drug_THC_sorted.bam",0.0122892907034413,-0.00986017768533703,0.0613386255248783,-0.00248327119450491
"226","/home/ahmccorm/kantar_lts/anna/bwa_alignments/Kannapedia_Bulk/Nuclear_cs10/sam_to_bam/sorted_bam/Recon_1_RSP10108_Drug_THC_sorted.bam",0.03349602956686,-0.0471697652382387,0.0444819164953661,-0.028890967742869
"227","/home/ahmccorm/kantar_lts/anna/bwa_alignments/Kannapedia_Bulk/Nuclear_cs10/sam_to_bam/sorted_bam/Red_Eye_OG_RSP10589_Drug_THC_CBD_sorted.bam",-0.126582839666155,0.0235140371312035,-0.0499595085676574,-0.0603922749149156
"228","/home/ahmccorm/kantar_lts/anna/bwa_alignments/Kannapedia_Bulk/Nuclear_cs10/sam_to_bam/sorted_bam/Sage_N_Sour_RSP10089_Drug_THC_sorted.bam",-0.0284828806264551,-0.00344604215307537,-0.0125145718647971,0.0535754059143343
"229","/home/ahmccorm/kantar_lts/anna/bwa_alignments/Kannapedia_Bulk/Nuclear_cs10/sam_to_bam/sorted_bam/Saint_Jack_1_RSP10210_Drug_THC_sorted.bam",0.0201102739545355,-0.0166204614752203,0.073186251286955,-0.0680123835288987
"230","/home/ahmccorm/kantar_lts/anna/bwa_alignments/Kannapedia_Bulk/Nuclear_cs10/sam_to_bam/sorted_bam/Saint_Jack_2_RSP10210_Drug_THC_sorted.bam",0.0778910263142541,-0.112034303969688,-0.0962466952047895,0.0188651246740137
"231","/home/ahmccorm/kantar_lts/anna/bwa_alignments/Kannapedia_Bulk/Nuclear_cs10/sam_to_bam/sorted_bam/Sensi_Star_RSP10407_Drug_THC_sorted.bam",0.00512090422995205,-0.0206783020856837,0.0418023505697292,0.0322218095577517
"232","/home/ahmccorm/kantar_lts/anna/bwa_alignments/Kannapedia_Bulk/Nuclear_cs10/sam_to_bam/sorted_bam/Serious_Happiness_1_RSP10121_Drug_THC_sorted.bam",0.0262537616518712,-0.0147500895271905,-0.0263764809958361,0.0155170722437849
"233","/home/ahmccorm/kantar_lts/anna/bwa_alignments/Kannapedia_Bulk/Nuclear_cs10/sam_to_bam/sorted_bam/Skywalker_OG_1_RSP10477_Drug_THC_sorted.bam",-0.175857928895453,0.0283187061524436,-0.0628227994992332,-0.0815897719035035
"234","/home/ahmccorm/kantar_lts/anna/bwa_alignments/Kannapedia_Bulk/Nuclear_cs10/sam_to_bam/sorted_bam/Sleestack_x_Skunk_RSP10300_Drug_THC_sorted.bam",0.0415864892604821,0.0165972300207229,-0.0220684138885247,0.058640218232603
"235","/home/ahmccorm/kantar_lts/anna/bwa_alignments/Kannapedia_Bulk/Nuclear_cs10/sam_to_bam/sorted_bam/Snoop_Master_RSP10584_Drug_THC_sorted.bam",-0.0913336121397056,0.0258219997114944,-0.001688620305107,0.0532833583628917
"236","/home/ahmccorm/kantar_lts/anna/bwa_alignments/Kannapedia_Bulk/Nuclear_cs10/sam_to_bam/sorted_bam/Snoops_Dream_1_RSP10117_Drug_THC_sorted.bam",0.110877611539841,0.228541283865695,-0.0457912379579794,-0.0107767691166673
"237","/home/ahmccorm/kantar_lts/anna/bwa_alignments/Kannapedia_Bulk/Nuclear_cs10/sam_to_bam/sorted_bam/Snowcap_1_RSP10142_Drug_THC_sorted.bam",0.0118897970377222,-0.0536114355609113,-0.0355347786080068,-0.0399000048092762
"238","/home/ahmccorm/kantar_lts/anna/bwa_alignments/Kannapedia_Bulk/Nuclear_cs10/sam_to_bam/sorted_bam/Snowcap_2_RSP10194_Drug_THC_sorted.bam",0.0490737291625632,0.0135510713845983,-0.0087924478873686,0.0469333506124075
"239","/home/ahmccorm/kantar_lts/anna/bwa_alignments/Kannapedia_Bulk/Nuclear_cs10/sam_to_bam/sorted_bam/Snow_Temple_RSP10544_Drug_THC_sorted.bam",0.0574989622998989,-0.0145652896566017,0.00696910312592993,-0.0701365379230264
"240","/home/ahmccorm/kantar_lts/anna/bwa_alignments/Kannapedia_Bulk/Nuclear_cs10/sam_to_bam/sorted_bam/Sour_Diesel_RSP10182_Drug_THC_sorted.bam",-0.163191445978981,0.021117352353785,-0.0662010472743957,-0.0769872782119487
"241","/home/ahmccorm/kantar_lts/anna/bwa_alignments/Kannapedia_Bulk/Nuclear_cs10/sam_to_bam/sorted_bam/Sour_Diesel_X_Unknown_1_RSP10403_Unknown_sorted.bam",0.0127389782113042,0.0644007787828755,-0.00338822235845055,-0.0468187843965716
"242","/home/ahmccorm/kantar_lts/anna/bwa_alignments/Kannapedia_Bulk/Nuclear_cs10/sam_to_bam/sorted_bam/Sour_Diesel_X_Unknown_2_RSP10419_Unknown_sorted.bam",0.0332672414719309,0.00835894943235875,-0.0621294675578241,0.037961641124926
"243","/home/ahmccorm/kantar_lts/anna/bwa_alignments/Kannapedia_Bulk/Nuclear_cs10/sam_to_bam/sorted_bam/Sour_Kush_RSP10600_Drug_THC_sorted.bam",-0.0153653546509879,0.0497493062087739,0.072095419481638,-0.00415015802061609
"244","/home/ahmccorm/kantar_lts/anna/bwa_alignments/Kannapedia_Bulk/Nuclear_cs10/sam_to_bam/sorted_bam/Sour_Tsunami_1_RSP10384_Drug_CBD_sorted.bam",0.0608047634103414,-0.0462116529084731,0.0164822675953425,-0.0622877638016055
"245","/home/ahmccorm/kantar_lts/anna/bwa_alignments/Kannapedia_Bulk/Nuclear_cs10/sam_to_bam/sorted_bam/Sour_Tsunami_2_RSP10595_Drug_THC_sorted.bam",0.0175870376647546,0.0486414152376459,-0.0476203899694058,-0.00329266599063224
"246","/home/ahmccorm/kantar_lts/anna/bwa_alignments/Kannapedia_Bulk/Nuclear_cs10/sam_to_bam/sorted_bam/Sour_Tsunami_3_RSP10607_Drug_THC_sorted.bam",0.0626577513342638,0.076494482769794,-0.0245131421210534,0.0152898648598281
"247","/home/ahmccorm/kantar_lts/anna/bwa_alignments/Kannapedia_Bulk/Nuclear_cs10/sam_to_bam/sorted_bam/Sour_Tsunami_x_Cataract_Ku_RSP10215_Drug_THC_CBD_sorted.bam",-0.0406227502865486,-0.0209916162300642,-0.0431836653684477,-0.00193790067087937
"248","/home/ahmccorm/kantar_lts/anna/bwa_alignments/Kannapedia_Bulk/Nuclear_cs10/sam_to_bam/sorted_bam/Space_Queen_RSP10128_Drug_THC_sorted.bam",0.0656750780270502,-0.060838994987085,-0.0671624387401268,0.0209288940189675
"249","/home/ahmccorm/kantar_lts/anna/bwa_alignments/Kannapedia_Bulk/Nuclear_cs10/sam_to_bam/sorted_bam/Special_K_X_Chronic_Kushberry_RSP10418_Drug_THC_sorted.bam",-0.059617079691638,-0.0365972203751982,0.0607984061970588,0.0755811280630629
"250","/home/ahmccorm/kantar_lts/anna/bwa_alignments/Kannapedia_Bulk/Nuclear_cs10/sam_to_bam/sorted_bam/Strawberry_Cough_1_RSP10679_Drug_THC_sorted.bam",-0.0063302257246786,0.0178121618318248,0.126672945069122,0.0990806781312633
"251","/home/ahmccorm/kantar_lts/anna/bwa_alignments/Kannapedia_Bulk/Nuclear_cs10/sam_to_bam/sorted_bam/Strawberry_Cough_2_RSP10681_Drug_THC_sorted.bam",-0.00582382875327182,0.0156043429537929,0.128759030560375,0.105941321679974
"252","/home/ahmccorm/kantar_lts/anna/bwa_alignments/Kannapedia_Bulk/Nuclear_cs10/sam_to_bam/sorted_bam/Strawberry_Lemonade_RSP10588_Drug_THC_sorted.bam",-0.00458012081860619,0.0175657569026427,0.0174979790560653,0.000922471870218444
"253","/home/ahmccorm/kantar_lts/anna/bwa_alignments/Kannapedia_Bulk/Nuclear_cs10/sam_to_bam/sorted_bam/Sugar_Black_Rose_RSP10962_Drug_THC_sorted.bam",0.00276697892974608,-0.0573940844377964,-0.00477504328654781,-0.0415066931063792
"254","/home/ahmccorm/kantar_lts/anna/bwa_alignments/Kannapedia_Bulk/Nuclear_cs10/sam_to_bam/sorted_bam/Sugar_Cookies_RSP10137_Drug_THC_sorted.bam",-0.117399274026125,0.00771106882694649,0.0371108164606635,0.0593046350287142
"255","/home/ahmccorm/kantar_lts/anna/bwa_alignments/Kannapedia_Bulk/Nuclear_cs10/sam_to_bam/sorted_bam/Superbud_Autoflower_RSP10433_Unknown_sorted.bam",0.0375456382023791,0.00847666526076358,0.0420622121103985,-0.00148539913364185
"256","/home/ahmccorm/kantar_lts/anna/bwa_alignments/Kannapedia_Bulk/Nuclear_cs10/sam_to_bam/sorted_bam/Super_Jack_RSP10586_Drug_THC_sorted.bam",0.0710249250155161,-0.0713274659835958,-0.0179433828828963,-0.0443489901970073
"257","/home/ahmccorm/kantar_lts/anna/bwa_alignments/Kannapedia_Bulk/Nuclear_cs10/sam_to_bam/sorted_bam/Super_Lemon_Haze_1_RSP10139_Drug_THC_sorted.bam",0.0835984719804745,-0.0735972353427694,-0.116755096795976,0.0213295395361139
"258","/home/ahmccorm/kantar_lts/anna/bwa_alignments/Kannapedia_Bulk/Nuclear_cs10/sam_to_bam/sorted_bam/Super_Silver_White_Widow_RSP10219_Drug_THC_sorted.bam",-0.00145217125495658,-0.0229460646657646,-0.0037105202111434,0.0303786914515806
"259","/home/ahmccorm/kantar_lts/anna/bwa_alignments/Kannapedia_Bulk/Nuclear_cs10/sam_to_bam/sorted_bam/Super_Silver_White_Widow_X_C4_RSP10422_Drug_THC_sorted.bam",-0.0544241948504666,0.0326454491480188,0.0174438060251072,0.147191554119408
"260","/home/ahmccorm/kantar_lts/anna/bwa_alignments/Kannapedia_Bulk/Nuclear_cs10/sam_to_bam/sorted_bam/Sweet_Purple_X_Purple_Erkel_X_Girl_Scout_Cookies_RSP10420_Drug_THC_sorted.bam",-0.0235129209778227,0.0196401790272637,-0.00521990784888675,0.130807335882991
"261","/home/ahmccorm/kantar_lts/anna/bwa_alignments/Kannapedia_Bulk/Nuclear_cs10/sam_to_bam/sorted_bam/Sweet_Tart_RSP10475_Drug_THC_sorted.bam",0.0271971499560323,0.0139423350512472,-0.0754653355847374,0.103822578470042
"262","/home/ahmccorm/kantar_lts/anna/bwa_alignments/Kannapedia_Bulk/Nuclear_cs10/sam_to_bam/sorted_bam/Tahoe_OG_RSP10393_Drug_THC_sorted.bam",-0.0739516658847107,0.0110441514706338,0.0163258072826889,-0.0456657031399492
"263","/home/ahmccorm/kantar_lts/anna/bwa_alignments/Kannapedia_Bulk/Nuclear_cs10/sam_to_bam/sorted_bam/Tangerine_Haze_1_RSP10944_Drug_THC_sorted.bam",0.0831134121779639,-0.0884380955257758,-0.134143628973498,0.0147840204291539
"264","/home/ahmccorm/kantar_lts/anna/bwa_alignments/Kannapedia_Bulk/Nuclear_cs10/sam_to_bam/sorted_bam/Tangerine_RSP10244_Drug_THC_sorted.bam",-0.0248544638350304,-0.0267550561903047,0.0524445320998992,0.0321781663605927
"265","/home/ahmccorm/kantar_lts/anna/bwa_alignments/Kannapedia_Bulk/Nuclear_cs10/sam_to_bam/sorted_bam/Tangie_1_RSP10191_Drug_THC_sorted.bam",-0.0106047024243575,-0.0349981960398207,-0.0747674120798795,0.0490369092104581
"266","/home/ahmccorm/kantar_lts/anna/bwa_alignments/Kannapedia_Bulk/Nuclear_cs10/sam_to_bam/sorted_bam/Tangie_2_RSP10349_Drug_THC_sorted.bam",0.018546359938873,0.0413076110108526,-0.00791710029238895,-0.0771610452018051
"267","/home/ahmccorm/kantar_lts/anna/bwa_alignments/Kannapedia_Bulk/Nuclear_cs10/sam_to_bam/sorted_bam/Tangilope_RSP10283_Drug_THC_sorted.bam",0.0321807828952291,-0.0324006136941298,-0.0257874928494121,0.0164251911981242
"268","/home/ahmccorm/kantar_lts/anna/bwa_alignments/Kannapedia_Bulk/Nuclear_cs10/sam_to_bam/sorted_bam/The_Bomb_RSP10174_Drug_THC_sorted.bam",0.0921880491199014,0.00167699087087356,-0.0754560297028029,-0.0116030638807029
"269","/home/ahmccorm/kantar_lts/anna/bwa_alignments/Kannapedia_Bulk/Nuclear_cs10/sam_to_bam/sorted_bam/Tisza_1_RSP10060_Hemp_sorted.bam",0.00669583554197709,-0.000441804711235664,0.116777084905581,-0.0874096440955476
"270","/home/ahmccorm/kantar_lts/anna/bwa_alignments/Kannapedia_Bulk/Nuclear_cs10/sam_to_bam/sorted_bam/Tisza_2_RSP10240_Hemp_sorted.bam",0.00722565738269922,-0.00303915708597791,0.111045582673452,-0.0845064544692628
"271","/home/ahmccorm/kantar_lts/anna/bwa_alignments/Kannapedia_Bulk/Nuclear_cs10/sam_to_bam/sorted_bam/Trainwreck_1_RSP10068_Drug_THC_sorted.bam",0.0222179119320839,-0.0202988835994527,0.0450971367587156,0.00502856424230646
"272","/home/ahmccorm/kantar_lts/anna/bwa_alignments/Kannapedia_Bulk/Nuclear_cs10/sam_to_bam/sorted_bam/Triangle_OG_RSP10157_Drug_THC_sorted.bam",-0.181947910010061,0.0273187907247893,-0.0731699093213915,-0.0761115292239526
"273","/home/ahmccorm/kantar_lts/anna/bwa_alignments/Kannapedia_Bulk/Nuclear_cs10/sam_to_bam/sorted_bam/TRIDENT_RSP10074_Drug_CBD_sorted.bam",-0.122567215723845,0.0279176943515246,-0.0135931985267611,-0.0189248951391335
"274","/home/ahmccorm/kantar_lts/anna/bwa_alignments/Kannapedia_Bulk/Nuclear_cs10/sam_to_bam/sorted_bam/Tygra_1_RSP10064_Hemp_sorted.bam",0.00388138885605602,-0.000936175857865314,0.121682159297058,-0.0934038168708066
"275","/home/ahmccorm/kantar_lts/anna/bwa_alignments/Kannapedia_Bulk/Nuclear_cs10/sam_to_bam/sorted_bam/Tygra_2_RSP10623_Hemp_sorted.bam",0.00108290575727398,0.00140187726775594,0.117157791116315,-0.0983053617374354
"276","/home/ahmccorm/kantar_lts/anna/bwa_alignments/Kannapedia_Bulk/Nuclear_cs10/sam_to_bam/sorted_bam/UNITY_UNITYEmeraldCup_pooled_RSP10081_Drug_THC_CBD_sorted.bam",0.022065348083757,-0.0100608409358452,0.0472707642058836,0.012436544811018
"277","/home/ahmccorm/kantar_lts/anna/bwa_alignments/Kannapedia_Bulk/Nuclear_cs10/sam_to_bam/sorted_bam/Unknown_1_RSP10395_Unknown_sorted.bam",0.0103218101929656,-0.061215829139997,0.062472725574688,0.0658063468600024
"278","/home/ahmccorm/kantar_lts/anna/bwa_alignments/Kannapedia_Bulk/Nuclear_cs10/sam_to_bam/sorted_bam/Unknown_2_RSP10396_Unknown_sorted.bam",0.0233794593273252,-0.0414903129018061,0.0626961342851783,0.00625352830773306
"279","/home/ahmccorm/kantar_lts/anna/bwa_alignments/Kannapedia_Bulk/Nuclear_cs10/sam_to_bam/sorted_bam/Unknown_3_RSP10417_Unknown_sorted.bam",-0.185614726052492,0.0275260819351279,-0.0732454978456187,-0.0800896243799847
"280","/home/ahmccorm/kantar_lts/anna/bwa_alignments/Kannapedia_Bulk/Nuclear_cs10/sam_to_bam/sorted_bam/VITAMIN_CBD_RSP10078_Drug_CBD_sorted.bam",-0.0634891789165663,0.0142020920389428,0.0104621750238257,-0.102826664007761
"281","/home/ahmccorm/kantar_lts/anna/bwa_alignments/Kannapedia_Bulk/Nuclear_cs10/sam_to_bam/sorted_bam/Wappa_RSP10430_Drug_THC_sorted.bam",0.0385201356586811,-0.0612059739911814,-0.0229044952162575,0.0536237306146667
"282","/home/ahmccorm/kantar_lts/anna/bwa_alignments/Kannapedia_Bulk/Nuclear_cs10/sam_to_bam/sorted_bam/White_99_RSP10267_Drug_THC_sorted.bam",-0.0358311440838973,0.0200679469650483,-0.067413166315228,-0.0164446459485893
"283","/home/ahmccorm/kantar_lts/anna/bwa_alignments/Kannapedia_Bulk/Nuclear_cs10/sam_to_bam/sorted_bam/White_Fire_RSP10143_Drug_THC_sorted.bam",-0.121396186550135,-0.00285353037397704,-0.0712639489869923,-0.0703996078495422
"284","/home/ahmccorm/kantar_lts/anna/bwa_alignments/Kannapedia_Bulk/Nuclear_cs10/sam_to_bam/sorted_bam/White_Lemon_RSP10431_Drug_THC_sorted.bam",0.0361650687311836,-0.0759035445478806,-0.070604127260901,0.00903147800508639
"285","/home/ahmccorm/kantar_lts/anna/bwa_alignments/Kannapedia_Bulk/Nuclear_cs10/sam_to_bam/sorted_bam/White_Russian_RSP10175_Drug_THC_sorted.bam",0.0178413574872042,-0.0893287779558158,-0.0519912791817638,-0.0298892060258897
"286","/home/ahmccorm/kantar_lts/anna/bwa_alignments/Kannapedia_Bulk/Nuclear_cs10/sam_to_bam/sorted_bam/White_Widow_RSP10561_Drug_THC_sorted.bam",0.000127235272453269,-0.0363587449478794,0.0186613856796497,0.00746669669020636
"287","/home/ahmccorm/kantar_lts/anna/bwa_alignments/Kannapedia_Bulk/Nuclear_cs10/sam_to_bam/sorted_bam/Wife_1_RSP10447_Drug_CBD_sorted.bam",0.0561894010756995,-0.0254336898382279,0.0459057248744019,-0.105627835265562
"288","/home/ahmccorm/kantar_lts/anna/bwa_alignments/Kannapedia_Bulk/Nuclear_cs10/sam_to_bam/sorted_bam/Witches_Weed_RSP10165_Drug_THC_sorted.bam",-0.0134093703477264,-0.0346324282021424,-0.083479126323889,0.00324187777030475
"289","/home/ahmccorm/kantar_lts/anna/bwa_alignments/Kannapedia_Bulk/Nuclear_cs10/sam_to_bam/sorted_bam/XJ_13_RSP10474_Unknown_sorted.bam",0.0799751064771492,-0.111442222826967,-0.0955858561735088,0.0180125792195902
