name,hcpc_order,check,BAR
Blue_Dream_9_no info_F_RSP10581,1,Blue_Dream_9_no info_F_RSP10581,no info
Cherry_Durban_Poison_Type I_F_RSP10196,2,Cherry_Durban_Poison_Type I_F_RSP10196,Type I
Blue_Dream_6_no info_F_RSP10578,3,Blue_Dream_6_no info_F_RSP10578,no info
Blue_Dream_7_no info_F_RSP10579,4,Blue_Dream_7_no info_F_RSP10579,no info
Blue_Dream_12_Type I_not reported_RSP10614,5,Blue_Dream_12_Type I_not reported_RSP10614,Type I
Blue_Dream_10_Type I_not reported_RSP10612,6,Blue_Dream_10_Type I_not reported_RSP10612,Type I
Blue_Dream_Trim_Type I_not reported_RSP10621,7,Blue_Dream_Trim_Type I_not reported_RSP10621,Type I
Blue_Dream_11_Type I_not reported_RSP10613,8,Blue_Dream_11_Type I_not reported_RSP10613,Type I
Blue_Dream_2_no info_F_RSP10129,9,Blue_Dream_2_no info_F_RSP10129,no info
Snoops_Dream_1_no info_not reported_RSP10117,10,Snoops_Dream_1_no info_not reported_RSP10117,no info
Blue_Dream_4_no info_F_RSP10269,11,Blue_Dream_4_no info_F_RSP10269,no info
Blue_Dream_5_no info_not reported_RSP10577,12,Blue_Dream_5_no info_not reported_RSP10577,no info
Blue_Dream_14_no info_F_RSP10695,13,Blue_Dream_14_no info_F_RSP10695,no info
Chiesel_no info_F_RSP10183,14,Chiesel_no info_F_RSP10183,no info
Chem_4_no info_F_RSP10245,15,Chem_4_no info_F_RSP10245,no info
Lemon_Skunk_1_Type I_F_RSP10193,16,Lemon_Skunk_1_Type I_F_RSP10193,Type I
White_99_no info_F_RSP10267,17,White_99_no info_F_RSP10267,no info
Chem_91_Type I_F_RSP10545,18,Chem_91_Type I_F_RSP10545,Type I
Kona_Kush_Type I_F_RSP10593,19,Kona_Kush_Type I_F_RSP10593,Type I
El_Diablo_no info_F_RSP10136,20,El_Diablo_no info_F_RSP10136,no info
Jesus_no info_F_RSP10147,21,Jesus_no info_F_RSP10147,no info
C4_1_no info_F_RSP10382,22,C4_1_no info_F_RSP10382,C4_1_no info_F_RSP10382
Doubl_Tangie_Banana_1_no info_F_RSP10366,23,Doubl_Tangie_Banana_1_no info_F_RSP10366,no info
ChemDog_Type II_F_RSP10387,24,ChemDog_Type II_F_RSP10387,Type II
Kush_It_1_no info_M_RSP10392,25,Kush_It_1_no info_M_RSP10392,no info
C4_2_Type I_F_RSP10971,26,C4_2_Type I_F_RSP10971,Type I
Kush_It_2_no info_F_RSP10412,27,Kush_It_2_no info_F_RSP10412,no info
Candyland_Type I_F_RSP10428,28,Candyland_Type I_F_RSP10428,Type I
Witches_Weed_Type I_F_RSP10165,29,Witches_Weed_Type I_F_RSP10165,Type I
Mothers_Milk_Type I_F_RSP10598,30,Mothers_Milk_Type I_F_RSP10598,Type I
Mothers_Milk_5_Type I_F_RSP10546,31,Mothers_Milk_5_Type I_F_RSP10546,Type I
Lucky_Charms_Type I_F_RSP10092,32,Lucky_Charms_Type I_F_RSP10092,Type I
C4_X_Blue_Dream_X_Hardy_no info_F_RSP10405,33,C4_X_Blue_Dream_X_Hardy_no info_F_RSP10405,no info
24_Gold_A3_no info_F_RSP10287,34,24_Gold_A3_no info_F_RSP10287,no info
Doubl_Tangie_Banana_2_no info_F_RSP10371,35,Doubl_Tangie_Banana_2_no info_F_RSP10371,no info
OG_Kush_X_Purple_Bubblegum_X_C4_no info_not reported_RSP10399,36,OG_Kush_X_Purple_Bubblegum_X_C4_no info_not reported_RSP10399,no info
Girl_Scout_Platinum_no info_F_RSP10091,37,Girl_Scout_Platinum_no info_F_RSP10091,no info
Sour_Tsunami_x_Cataract_Ku_Type II_F_RSP10215,38,Sour_Tsunami_x_Cataract_Ku_Type II_F_RSP10215,Type II
Ghost_Train_Haze_x_Snow_Dog_no info_F_RSP10148,39,Ghost_Train_Haze_x_Snow_Dog_no info_F_RSP10148,no info
Orange_Zeta_Type I_F_RSP10961,40,Orange_Zeta_Type I_F_RSP10961,Type I
NYC_Diesel_no info_F_RSP10028,41,NYC_Diesel_no info_F_RSP10028,no info
Pineapple_Express_Type I_F_RSP10429,42,Pineapple_Express_Type I_F_RSP10429,Type I
Bubblegummer_Type I_F_RSP10088,43,Bubblegummer_Type I_F_RSP10088,Type I
Jack_Herrer_Type I_F_RSP10587,44,Jack_Herrer_Type I_F_RSP10587,Type I
XJ_13_no info_not reported_RSP10474,45,XJ_13_no info_not reported_RSP10474,no info
Saint_Jack_2_Type I_F_RSP10210,46,Saint_Jack_2_Type I_F_RSP10210,Type I
Tangerine_Haze_1_Type I_F_RSP10944,47,Tangerine_Haze_1_Type I_F_RSP10944,Type I
Super_Lemon_Haze_1_no info_F_RSP10139,48,Super_Lemon_Haze_1_no info_F_RSP10139,no info
Critical_Mass_no info_F_RSP10167,49,Critical_Mass_no info_F_RSP10167,no info
Casey_Jones_Type I_F_RSP10606_,50,Casey_Jones_Type I_F_RSP10606_,Type I
Tangie_1_no info_F_RSP10191,51,Tangie_1_no info_F_RSP10191,no info
Bio_Diesel_Type I_F_RSP10590,52,Bio_Diesel_Type I_F_RSP10590,Type I
Death_Star_no info_F_RSP10130,53,Death_Star_no info_F_RSP10130,no info
Kong_Type I_F_RSP10161,54,Kong_Type I_F_RSP10161,Type I
Sweet_Tart_no info_not reported_RSP10475,55,Sweet_Tart_no info_not reported_RSP10475,no info
Chocoloupe_x_Super_Silver_Haze_no info_F_RSP10225,56,Chocoloupe_x_Super_Silver_Haze_no info_F_RSP10225,no info
Sour_Diesel_X_Unknown_2_no info_F_RSP10419,57,Sour_Diesel_X_Unknown_2_no info_F_RSP10419,no info
Breakthrough_Type I_F_RSP10096,58,Breakthrough_Type I_F_RSP10096,Type I
Dream_Beaver_Type I_F_RSP10094,59,Dream_Beaver_Type I_F_RSP10094,Type I
Arch_Angel_no info_F_RSP10132,60,Arch_Angel_no info_F_RSP10132,no info
Citrisoul_no info_F_RSP10151,61,Citrisoul_no info_F_RSP10151,no info
Dutch_Treat_Haze_Type II_F_RSP10197,62,Dutch_Treat_Haze_Type II_F_RSP10197,Type II
Juneaus_Gift_Type I_F_RSP10547,63,Juneaus_Gift_Type I_F_RSP10547,Type I
Lambs_Bread_no info_F_RSP10138,64,Lambs_Bread_no info_F_RSP10138,no info
PINEAPPLE_TSU_1_Type II_F_RSP10075,65,PINEAPPLE_TSU_1_Type II_F_RSP10075,Type II
Serious_Happiness_1_Type I_F_RSP10121,66,Serious_Happiness_1_Type I_F_RSP10121,Type I
Green_Crack_1_no info_M_RSP10069,67,Green_Crack_1_no info_M_RSP10069,no info
Cannatsu_no info_F_RSP10158,68,Cannatsu_no info_F_RSP10158,no info
Purple_Cactus_4_Type I_F_RSP10963,69,Purple_Cactus_4_Type I_F_RSP10963,Type I
Chem_Dawg_Type II_F_RSP10192,70,Chem_Dawg_Type II_F_RSP10192,Type II
Chocolope_no info_F_RSP10016,71,Chocolope_no info_F_RSP10016,no info
Tangilope_no info_F_RSP10283,72,Tangilope_no info_F_RSP10283,no info
Wappa_Type I_F_RSP10430,73,Wappa_Type I_F_RSP10430,Type I
Girl_Scout_Cookies_5_no info_not reported_RSP10435,74,Girl_Scout_Cookies_5_no info_not reported_RSP10435,no info
HARLE_TSU_1_Type I_F_RSP10098,75,HARLE_TSU_1_Type I_F_RSP10098,Type I
Blazin_Grapefruit_Type I_F_RSP10003,76,Blazin_Grapefruit_Type I_F_RSP10003,Type I
Sugar_Black_Rose_Type I_F_RSP10962,77,Sugar_Black_Rose_Type I_F_RSP10962,Type I
Snowcap_1_no info_F_RSP10142,78,Snowcap_1_no info_F_RSP10142,no info
Blue_Dream_3_Type I_F_RSP10195,79,Blue_Dream_3_Type I_F_RSP10195,Type I
HARLEQUIN_TSUNAMI_Type III_F_RSP10099,80,HARLEQUIN_TSUNAMI_Type III_F_RSP10099,Type III
HARLEQUIN_CBD_Type II_F_RSP10076,81,HARLEQUIN_CBD_Type II_F_RSP10076,Type II
Harlequin_Type II_F_RSP10140,82,Harlequin_Type II_F_RSP10140,Type II
PINEAPPLE_TSU_2_Type III_F_RSP10077,83,PINEAPPLE_TSU_2_Type III_F_RSP10077,Type III
CRITICAL_MASS_CBD_Type II_F_RSP10012,84,CRITICAL_MASS_CBD_Type II_F_RSP10012,Type II
Divided_Sky_Type I_F_RSP10624,85,Divided_Sky_Type I_F_RSP10624,Type I
CANNATONIC_1_Type II_F_RSP10082,86,CANNATONIC_1_Type II_F_RSP10082,Type II
Recon_1_no info_F_RSP10108,87,Recon_1_no info_F_RSP10108,no info
Master_Banana_Pheno_7_no info_not reported_RSP10480,88,Master_Banana_Pheno_7_no info_not reported_RSP10480,no info
Super_Jack_Type I_F_RSP10586,89,Super_Jack_Type I_F_RSP10586,Type I
Moonshine_Haze_Type I_F_RSP10067,90,Moonshine_Haze_Type I_F_RSP10067,Type I
Purple_Buddha_no info_M_RSP10200,91,Purple_Buddha_no info_M_RSP10200,no info
Master_Banana_Pheno_8_no info_not reported_RSP10479,92,Master_Banana_Pheno_8_no info_not reported_RSP10479,no info
Clementine_1_Type I_F_RSP10543,93,Clementine_1_Type I_F_RSP10543,Type I
Durban_Poison_1a_no info_F_RSP10943,94,Durban_Poison_1a_no info_F_RSP10943,no info
Durban_Poison_1_Type I_F_RSP10150,95,Durban_Poison_1_Type I_F_RSP10150,Type I
Durban_no info_F_RSP10133,96,Durban_no info_F_RSP10133,no info
White_Russian_Type I_F_RSP10175,97,White_Russian_Type I_F_RSP10175,Type I
Amnesia_Haze_Type I_F_RSP10299,98,Amnesia_Haze_Type I_F_RSP10299,Type I
White_Lemon_no info_not reported_RSP10431,99,White_Lemon_no info_not reported_RSP10431,no info
Space_Queen_no info_F_RSP10128,100,Space_Queen_no info_F_RSP10128,no info
Headcheese_Type I_F_RSP10297,101,Headcheese_Type I_F_RSP10297,Type I
Dr_Who_Type I_F_RSP10066,102,Dr_Who_Type I_F_RSP10066,Type I
African_Haze_no info_F_RSP10159,103,African_Haze_no info_F_RSP10159,no info
Green_Crack_2_Type I_F_RSP10166,104,Green_Crack_2_Type I_F_RSP10166,Type I
Blue_Dream_13_Type I_not reported_RSP10622,105,Blue_Dream_13_Type I_not reported_RSP10622,Type I
Cheese_1_no info_not reported_RSP10459,106,Cheese_1_no info_not reported_RSP10459,no info
Fire_Angel_2_Type II_F_RSP10611,107,Fire_Angel_2_Type II_F_RSP10611,Type II
Fire_Angel_1_Type II_F_RSP10298,108,Fire_Angel_1_Type II_F_RSP10298,Type II
Lovrin_1_no info_F_RSP10059,109,Lovrin_1_no info_F_RSP10059,no info
Lovrin_2_no info_F_RSP10239,110,Lovrin_2_no info_F_RSP10239,no info
Tisza_2_no info_F_RSP10240,111,Tisza_2_no info_F_RSP10240,no info
Ferimon_no info_F_RSP10063,112,Ferimon_no info_F_RSP10063,no info
Tisza_1_no info_M_RSP10060,113,Tisza_1_no info_M_RSP10060,no info
Futura_75_3_no info_F_RSP10234,114,Futura_75_3_no info_F_RSP10234,no info
Monoica_1_no info_F_RSP10061,115,Monoica_1_no info_F_RSP10061,no info
Fedora_17_2_no info_F_RSP10062,116,Fedora_17_2_no info_F_RSP10062,no info
Ivory_1_no info_F_RSP10065,117,Ivory_1_no info_F_RSP10065,no info
Tygra_1_no info_F_RSP10064,118,Tygra_1_no info_F_RSP10064,no info
Tygra_2_no info_not reported_RSP10623,119,Tygra_2_no info_not reported_RSP10623,no info
Acrata_Trainwreck_Type I_F_RSP10301,120,Acrata_Trainwreck_Type I_F_RSP10301,Type I
Dacia_2_no info_F_RSP10238,121,Dacia_2_no info_F_RSP10238,no info
Carmagnola_2_no info_M_RSP10237,122,Carmagnola_2_no info_M_RSP10237,no info
Felina32_2_no info_F_RSP10232,123,Felina32_2_no info_F_RSP10232,no info
CATATONIC_AC_DC_Type III_F_RSP10072,124,CATATONIC_AC_DC_Type III_F_RSP10072,Type III
CBDI_AC_DC_Type III_F_RSP10103,125,CBDI_AC_DC_Type III_F_RSP10103,Type III
AC/DC_Type III_F_RSP10084,126,AC/DC_Type III_F_RSP10084,Type III
BHUTAN_Type III_F_RSP10079,127,BHUTAN_Type III_F_RSP10079,Type III
Wife_1_no info_not reported_RSP10447,128,Wife_1_no info_not reported_RSP10447,no info
Cherry_1_no info_not reported_RSP10445,129,Cherry_1_no info_not reported_RSP10445,no info
Sour_Tsunami_1_Type III_F_RSP10384,130,Sour_Tsunami_1_Type III_F_RSP10384,Type III
Snow_Temple_Type I_F_RSP10544,131,Snow_Temple_Type I_F_RSP10544,Type I
CBD_Strain_no info_F_RSP10358,132,CBD_Strain_no info_F_RSP10358,CBD_Strain_no info_F_RSP10358
Jiangji_1_no info_F_RSP10236,133,Jiangji_1_no info_F_RSP10236,no info
Blueberry_Cheesecake_4_no info_not reported_RSP10205,134,Blueberry_Cheesecake_4_no info_not reported_RSP10205,no info
Otto_1_no info_M_RSP10126,135,Otto_1_no info_M_RSP10126,no info
AK47_1_no info_F_RSP10120,136,AK47_1_no info_F_RSP10120,no info
Mengma_no info_M_RSP10051,137,Mengma_no info_M_RSP10051,no info
GUERILLA_MEDS_Type II_F_RSP10083,138,GUERILLA_MEDS_Type II_F_RSP10083,Type II
Saint_Jack_1_Type I_F_RSP10210,139,Saint_Jack_1_Type I_F_RSP10210,Type I
Congo_no info_F_RSP10432,140,Congo_no info_F_RSP10432,no info
BGKC_4_1_Type III_F_RSP10426,141,BGKC_4_1_Type III_F_RSP10426,Type III
BGKC_45_no info_F_RSP10427,142,BGKC_45_no info_F_RSP10427,no info
HARLE_TSU_2_Type III_F_RSP10101,143,HARLE_TSU_2_Type III_F_RSP10101,Type III
CBD_Mango_Haze_Type II_F_RSP10090,144,CBD_Mango_Haze_Type II_F_RSP10090,Type II
Kimbo_Slice_1_Type I_F_RSP10949,145,Kimbo_Slice_1_Type I_F_RSP10949,Type I
Sour_Kush_Type I_F_RSP10600,146,Sour_Kush_Type I_F_RSP10600,Type I
Blue_Essence_Type II_F_RSP10386,147,Blue_Essence_Type II_F_RSP10386,Type II
Dark_Knight_3_Type I_F_RSP10960,148,Dark_Knight_3_Type I_F_RSP10960,Type I
Banana_Split_no info_F_RSP10350,149,Banana_Split_no info_F_RSP10350,no info
Diana_2_Type II_F_RSP10235,150,Diana_2_Type II_F_RSP10235,Type II
Golden_Ticket_Type I_F_RSP10610,151,Golden_Ticket_Type I_F_RSP10610,Type I
Strawberry_Lemonade_Type I_F_RSP10588,152,Strawberry_Lemonade_Type I_F_RSP10588,Type I
White_Widow_no info_not reported_RSP10561,153,White_Widow_no info_not reported_RSP10561,no info
Ninja_Fruit_no info_not reported_RSP10478,154,Ninja_Fruit_no info_not reported_RSP10478,no info
Super_Silver_White_Widow_no info_F_RSP10219,155,Super_Silver_White_Widow_no info_F_RSP10219,no info
Harlow_no info_not reported_RSP10560,156,Harlow_no info_not reported_RSP10560,no info
Chernobyl_Type I_F_RSP10177,157,Chernobyl_Type I_F_RSP10177,Type I
Blueberry_Cheesecake_2_no info_M_RSP10202,158,Blueberry_Cheesecake_2_no info_M_RSP10202,no info
Killawatt_Type I_F_RSP10608,159,Killawatt_Type I_F_RSP10608,Type I
Agent_Orange_2_Type I_F_RSP10605,160,Agent_Orange_2_Type I_F_RSP10605,Type I
Old_School_Blueberry_no info_F_RSP10149,161,Old_School_Blueberry_no info_F_RSP10149,no info
Unknown_1_no info_M_RSP10395,162,Unknown_1_no info_M_RSP10395,no info
Black_84_Type I_F_RSP10385,163,Black_84_Type I_F_RSP10385,Type I
Banana_Kush_1_no info_F_RSP10162,164,Banana_Kush_1_no info_F_RSP10162,no info
Blueberry_Cheesecake_8_Type I_F_RSP10573,165,Blueberry_Cheesecake_8_Type I_F_RSP10573,Type I
Black_Beauty_1_Type I_F_RSP10697,166,Black_Beauty_1_Type I_F_RSP10697,Type I
Blueberry_Cheesecake_7_no info_F_RSP10564,167,Blueberry_Cheesecake_7_no info_F_RSP10564,no info
Sensi_Star_no info_F_RSP10407,168,Sensi_Star_no info_F_RSP10407,no info
Purple_Kush_X_Super_Silver_Haze_no info_F_RSP10409,169,Purple_Kush_X_Super_Silver_Haze_no info_F_RSP10409,no info
Canna_tsu_no info_M_RSP10391,170,Canna_tsu_no info_M_RSP10391,no info
Land_Race_Jamaican_1_no info_F_RSP10152,171,Land_Race_Jamaican_1_no info_F_RSP10152,no info
Miche_Nepal_no info_M_RSP10207,172,Miche_Nepal_no info_M_RSP10207,no info
Girl_Scout_Cookies_x_AK47_no info_F_RSP10125,173,Girl_Scout_Cookies_x_AK47_no info_F_RSP10125,no info
Trainwreck_1_no info_M_RSP10068,174,Trainwreck_1_no info_M_RSP10068,no info
UNITY_Type II_F_RSP10081,175,UNITY_Type II_F_RSP10081,Type II
Unknown_2_no info_M_RSP10396,176,Unknown_2_no info_M_RSP10396,no info
Agent_Orange_1_no info_not reported_RSP10559,177,Agent_Orange_1_no info_not reported_RSP10559,no info
Blueberry_Cheesecake_3_no info_M_RSP10204,178,Blueberry_Cheesecake_3_no info_M_RSP10204,no info
Hash_Plant_Puck_no info_F_RSP10155,179,Hash_Plant_Puck_no info_F_RSP10155,no info
Cinex_Type I_F_RSP10388,180,Cinex_Type I_F_RSP10388,Type I
AK47_2_Type I_not reported_RSP10523,181,AK47_2_Type I_not reported_RSP10523,Type I
Maui_Waui_Type I_F_RSP10251,182,Maui_Waui_Type I_F_RSP10251,Type I
L_Eagle_Eagle_Type I_F_RSP10247,183,L_Eagle_Eagle_Type I_F_RSP10247,Type I
Golden_Goat_2_1_Type I_F_RSP10945,184,Golden_Goat_2_1_Type I_F_RSP10945,Type I
Sour_Tsunami_3_Type II_F_RSP10607,185,Sour_Tsunami_3_Type II_F_RSP10607,Type II
Pineberry_no info_F_RSP10123,186,Pineberry_no info_F_RSP10123,no info
Sour_Tsunami_2_Type I_F_RSP10595,187,Sour_Tsunami_2_Type I_F_RSP10595,Type I
Cherry_Diesel_Type I_F_RSP10609,188,Cherry_Diesel_Type I_F_RSP10609,Type I
The_Bomb_Type I_M_RSP10174,189,The_Bomb_Type I_M_RSP10174,Type I
In_the_Pines_Type I_F_RSP10172,190,In_the_Pines_Type I_F_RSP10172,Type I
Buddhas_Sister_no info_F_RSP10265,191,Buddhas_Sister_no info_F_RSP10265,no info
Blue_Dream_8_no info_F_RSP10580,192,Blue_Dream_8_no info_F_RSP10580,no info
Outer_Space_Type I_F_RSP10591,193,Outer_Space_Type I_F_RSP10591,Type I
Hawaiian_Sunrise_Type I_not reported_RSP10525,194,Hawaiian_Sunrise_Type I_not reported_RSP10525,Type I
Superbud_Autoflower_no info_not reported_RSP10433,195,Superbud_Autoflower_no info_not reported_RSP10433,no info
Jamaican_Lion_2_no info_not reported_RSP10694,196,Jamaican_Lion_2_no info_not reported_RSP10694,no info
Jamaican_Lion_1_no info_not reported_RSP10693,197,Jamaican_Lion_1_no info_not reported_RSP10693,no info
Northern_Lights_1_no info_F_RSP10026,198,Northern_Lights_1_no info_F_RSP10026,no info
McGrupp_6_Type I_F_RSP10959,199,McGrupp_6_Type I_F_RSP10959,Type I
Purple_Candy_Cane_Type I_F_RSP10176,200,Purple_Candy_Cane_Type I_F_RSP10176,Type I
Snowcap_2_Type I_F_RSP10194,201,Snowcap_2_Type I_F_RSP10194,Type I
Sleestack_x_Skunk_no info_F_RSP10300,202,Sleestack_x_Skunk_no info_F_RSP10300,no info
OG_Kush_no info_M_RSP10070,203,OG_Kush_no info_M_RSP10070,no info
C4_x_Canna_Tsu_no info_M_RSP10383,204,C4_x_Canna_Tsu_no info_M_RSP10383,no info
VITAMIN_CBD_Type II_F_RSP10078,205,VITAMIN_CBD_Type II_F_RSP10078,Type II
Ghost_Train_Haze_Type I_not reported_RSP10604,206,Ghost_Train_Haze_Type I_not reported_RSP10604,Type I
Tahoe_OG_no info_M_RSP10393,207,Tahoe_OG_no info_M_RSP10393,no info
OG_Kush_X_Bubba_Kush_no info_M_RSP10394,208,OG_Kush_X_Bubba_Kush_no info_M_RSP10394,no info
New_York_Sour_Diesel_Type I_F_RSP10599,209,New_York_Sour_Diesel_Type I_F_RSP10599,Type I
Mount_Jones_5_Type I_F_RSP10964,210,Mount_Jones_5_Type I_F_RSP10964,Type I
Crocketts_Haze_22_Type I_F_RSP10542,211,Crocketts_Haze_22_Type I_F_RSP10542,Type I
Tangie_2_no info_M_RSP10349,212,Tangie_2_no info_M_RSP10349,no info
Sour_Diesel_X_Unknown_1_no info_not reported_RSP10403,213,Sour_Diesel_X_Unknown_1_no info_not reported_RSP10403,no info
Blue_Dream_1_no info_M_RSP10005,214,Blue_Dream_1_no info_M_RSP10005,no info
Hells_Fire_no info_M_RSP10377,215,Hells_Fire_no info_M_RSP10377,no info
Krishna_Kush_Type I_not reported_RSP10519,216,Krishna_Kush_Type I_not reported_RSP10519,Type I
Girl_Scout_Cookies_1_no info_F_RSP10124,217,Girl_Scout_Cookies_1_no info_F_RSP10124,no info
Glue_on_Fire_1_Type I_F_RSP10592,218,Glue_on_Fire_1_Type I_F_RSP10592,Type I
TRIDENT_Type II_F_RSP10074,219,TRIDENT_Type II_F_RSP10074,Type II
Mang_Thai_Doo_Type I_F_RSP10178,220,Mang_Thai_Doo_Type I_F_RSP10178,Type I
E005AMMSG0001_Type I_not reported_RSP10482,221,E005AMMSG0001_Type I_not reported_RSP10482,Type I
Plum_Crazy_Type I_F_RSP10848,222,Plum_Crazy_Type I_F_RSP10848,Type I
Lil_Sebastian_no info_F_RSP10434,223,Lil_Sebastian_no info_F_RSP10434,no info
Unknown_3_no info_F_RSP10417,224,Unknown_3_no info_F_RSP10417,no info
818_no info_F_RSP10411,225,818_no info_F_RSP10411,no info
Triangle_OG_no info_F_RSP10157,226,Triangle_OG_no info_F_RSP10157,no info
Sour_Diesel_no info_F_RSP10182,227,Sour_Diesel_no info_F_RSP10182,no info
Skywalker_OG_1_Type I_not reported_RSP10477,228,Skywalker_OG_1_Type I_not reported_RSP10477,Type I
Headband_no info_F_RSP10154,229,Headband_no info_F_RSP10154,no info
Gupta_Kush_Type I_not reported_RSP10520,230,Gupta_Kush_Type I_not reported_RSP10520,Type I
Chemodo_Dragon_Type I_not reported_RSP10524,231,Chemodo_Dragon_Type I_not reported_RSP10524,Type I
Guptilla_Type I_not reported_RSP10518,232,Guptilla_Type I_not reported_RSP10518,Type I
Butter_OG_no info_F_RSP10181,233,Butter_OG_no info_F_RSP10181,no info
Lemonhead_OG_Type I_F_RSP10180,234,Lemonhead_OG_Type I_F_RSP10180,Type I
Red_Eye_OG_Type II_F_RSP10589,235,Red_Eye_OG_Type II_F_RSP10589,Type II
Face_Off_OG_Type I_F_RSP10146,236,Face_Off_OG_Type I_F_RSP10146,Type I
Chemmy_Jones_no info_F_RSP10131,237,Chemmy_Jones_no info_F_RSP10131,no info
White_Fire_no info_F_RSP10143,238,White_Fire_no info_F_RSP10143,no info
E005AMMPR0001_Type I_not reported_RSP10483,239,E005AMMPR0001_Type I_not reported_RSP10483,Type I
Cherry_Limeade_Type I_F_RSP10170,240,Cherry_Limeade_Type I_F_RSP10170,Type I
Sage_N_Sour_Type I_F_RSP10089,241,Sage_N_Sour_Type I_F_RSP10089,Type I
Orangutan_Type I_F_RSP10701,242,Orangutan_Type I_F_RSP10701,Type I
Girl_Scout_Cookies_3_Type I_F_RSP10246,243,Girl_Scout_Cookies_3_Type I_F_RSP10246,Type I
Blueberry_Cheesecake_5_no info_F_RSP10481,244,Blueberry_Cheesecake_5_no info_F_RSP10481,no info
Blueberry_Cheesecake_6_no info_F_RSP10563,245,Blueberry_Cheesecake_6_no info_F_RSP10563,no info
Dirks_OG_Type I_F_RSP10582,246,Dirks_OG_Type I_F_RSP10582,Type I
OG_Kush_X_San_Fernando_Monster_no info_not reported_RSP10400,247,OG_Kush_X_San_Fernando_Monster_no info_not reported_RSP10400,no info
F_CANCER_Type II_F_RSP10080,248,F_CANCER_Type II_F_RSP10080,Type II
Snoop_Master_Type I_F_RSP10584,249,Snoop_Master_Type I_F_RSP10584,Type I
Lemon_Meringue_OG_no info_not reported_RSP10470,250,Lemon_Meringue_OG_no info_not reported_RSP10470,no info
Cheddar_Head_no info_F_RSP10013,251,Cheddar_Head_no info_F_RSP10013,no info
Clifford_no info_M_RSP10337,252,Clifford_no info_M_RSP10337,no info
Loopy_Fruit_no info_F_RSP10168,253,Loopy_Fruit_no info_F_RSP10168,no info
Tangerine_Type I_F_RSP10244,254,Tangerine_Type I_F_RSP10244,Type I
Afghan_Kush_no info_F_RSP10107,255,Afghan_Kush_no info_F_RSP10107,no info
Special_K_X_Chronic_Kushberry_no info_F_RSP10418,256,Special_K_X_Chronic_Kushberry_no info_F_RSP10418,no info
OG_Kush_X_Super_Silver_Haze_no info_not reported_RSP10401,257,OG_Kush_X_Super_Silver_Haze_no info_not reported_RSP10401,no info
Blueberry_Cheesecake_13_no info_not reported_RSP10682,258,Blueberry_Cheesecake_13_no info_not reported_RSP10682,no info
Bubba_Kush_no info_F_RSP10164,259,Bubba_Kush_no info_F_RSP10164,no info
OG_Kush_X_Meadband_X_Master_Kush_no info_F_RSP10410,260,OG_Kush_X_Meadband_X_Master_Kush_no info_F_RSP10410,no info
Blueberry_no info_F_RSP10597,261,Blueberry_no info_F_RSP10597,no info
Glueberry_Type I_F_RSP10703,262,Glueberry_Type I_F_RSP10703,Type I
Gorilla_Glue_4_no info_not reported_RSP10471,263,Gorilla_Glue_4_no info_not reported_RSP10471,no info
Corleone_Kush_no info_F_RSP10135,264,Corleone_Kush_no info_F_RSP10135,no info
Pure_Kush_X_808_OG_Kush_no info_not reported_RSP10402,265,Pure_Kush_X_808_OG_Kush_no info_not reported_RSP10402,no info
OG_Kush_X_Pure_Kush_no info_not reported_RSP10398,266,OG_Kush_X_Pure_Kush_no info_not reported_RSP10398,no info
Sugar_Cookies_no info_F_RSP10137,267,Sugar_Cookies_no info_F_RSP10137,no info
G4X_San_Fernando_Monster_no info_not reported_RSP10397,268,G4X_San_Fernando_Monster_no info_not reported_RSP10397,no info
GFU_x_Mr_Nice_no info_F_RSP10145,269,GFU_x_Mr_Nice_no info_F_RSP10145,no info
Blueberry_Cheesecake_1_Type I_F_RSP10201,270,Blueberry_Cheesecake_1_Type I_F_RSP10201,Type I
Brain_Wreck_no info_F_RSP10421,271,Brain_Wreck_no info_F_RSP10421,no info
Citrus_Sap_no info_M_RSP10292,272,Citrus_Sap_no info_M_RSP10292,no info
1988_Hash_Plant_no info_F_RSP10156,273,1988_Hash_Plant_no info_F_RSP10156,no info
Strawberry_Cough_1_Type I_F_RSP10679,274,Strawberry_Cough_1_Type I_F_RSP10679,Type I
Strawberry_Cough_2_no info_not reported_RSP10681,275,Strawberry_Cough_2_no info_not reported_RSP10681,no info
Charlie_Murphy_no info_F_RSP10134,276,Charlie_Murphy_no info_F_RSP10134,no info
Grape_Ape_1_Type I_F_RSP10248,277,Grape_Ape_1_Type I_F_RSP10248,Type I
Grape_Ape_2_Type I_F_RSP10250,278,Grape_Ape_2_Type I_F_RSP10250,Type I
Super_Silver_White_Widow_X_C4_no info_F_RSP10422,279,Super_Silver_White_Widow_X_C4_no info_F_RSP10422,no info
Girl_Scout_Cookies_2_no info_F_RSP10141,280,Girl_Scout_Cookies_2_no info_F_RSP10141,no info
Girl_Scout_Cookies_4_no info_F_RSP10413,281,Girl_Scout_Cookies_4_no info_F_RSP10413,no info
Purple_Erkel_X_Girl_Scout_Cookies_no info_F_RSP10414,282,Purple_Erkel_X_Girl_Scout_Cookies_no info_F_RSP10414,no info
Lavender_Diesel_no info_F_RSP10268,283,Lavender_Diesel_no info_F_RSP10268,no info
Boss_Hog_Type I_F_RSP10601,284,Boss_Hog_Type I_F_RSP10601,Type I
Mendo_Breath_2_no info_F_RSP10416,285,Mendo_Breath_2_no info_F_RSP10416,no info
Sweet_Purple_X_Purple_Erkel_X_Girl_Scout_Cookies_no info_F_RSP10420,286,Sweet_Purple_X_Purple_Erkel_X_Girl_Scout_Cookies_no info_F_RSP10420,no info
Mendo_Breath_1_no info_F_RSP10406,287,Mendo_Breath_1_no info_F_RSP10406,no info
Primus_OG_2_Type I_F_RSP10596,288,Primus_OG_2_Type I_F_RSP10596,Type I
Primus_OG_1_Type I_F_RSP10585,289,Primus_OG_1_Type I_F_RSP10585,Type I